Region,Date, Frequency, Estimated Unemployment Rate (%), Estimated Employed, Estimated Labour Participation Rate (%)
Andhra Pradesh,2016-01-31, M,17.11,15403662,67.4
Andhra Pradesh,2016-02-29, M,10.08,13879174,55.92
Andhra Pradesh,2016-03-31, M,8.74,14314579,56.76
Andhra Pradesh,2016-04-30, M,3.97,14045983,52.87
Andhra Pradesh,2016-05-31, M,5.94,15873974,60.94
Andhra Pradesh,2016-06-30, M,3.54,13006747,48.64
Andhra Pradesh,2016-07-31, M,4.98,14165099,53.71
Andhra Pradesh,2016-08-31, M,3.01,13558769,50.31
Andhra Pradesh,2016-09-30, M,8.47,14568750,57.22
Andhra Pradesh,2016-10-31, M,11.11,13709005,55.38
Andhra Pradesh,2016-11-30, M,4.87,13757647,51.88
Andhra Pradesh,2016-12-31, M,4.07,13162991,49.17
Andhra Pradesh,2017-01-31, M,5.86,14405379,54.77
Andhra Pradesh,2017-02-28, M,4.83,12994162,48.82
Andhra Pradesh,2017-03-31, M,2.78,13379892,49.15
Andhra Pradesh,2017-04-30, M,2.75,13143105,48.22
Andhra Pradesh,2017-05-31, M,1.7,13107658,47.52
Andhra Pradesh,2017-06-30, M,3.76,12607286,46.64
Andhra Pradesh,2017-07-31, M,2.51,12972951,47.32
Andhra Pradesh,2017-08-31, M,2.49,12749708,46.45
Andhra Pradesh,2017-09-30, M,5.91,13683892,51.61
Andhra Pradesh,2017-10-31, M,2.96,12131064,44.31
Andhra Pradesh,2017-11-30, M,3.19,13011182,47.59
Andhra Pradesh,2017-12-31, M,3.45,13545548,49.62
Andhra Pradesh,2018-01-31, M,4.79,13061886,48.46
Andhra Pradesh,2018-02-28, M,4.38,12414387,45.82
Andhra Pradesh,2018-03-31, M,4.17,12583382,46.29
Andhra Pradesh,2018-04-30, M,2.8,12141674,43.99
Andhra Pradesh,2018-05-31, M,3.64,12309016,44.93
Andhra Pradesh,2018-06-30, M,4.78,11577611,42.72
Andhra Pradesh,2018-07-31, M,5.26,12636224,46.82
Andhra Pradesh,2018-08-31, M,4.03,12338427,45.07
Andhra Pradesh,2018-09-30, M,4.06,12442778,45.42
Andhra Pradesh,2018-10-31, M,5.74,10894155,40.43
Andhra Pradesh,2018-11-30, M,4.67,12084598,44.3
Andhra Pradesh,2018-12-31, M,3.9,12222642,44.39
Andhra Pradesh,2019-01-31, M,4.67,12748903,46.63
Andhra Pradesh,2019-02-28, M,5.75,10842104,40.07
Andhra Pradesh,2019-03-31, M,4.96,11581513,42.4
Andhra Pradesh,2019-04-30, M,3.56,12784615,46.07
Andhra Pradesh,2019-05-31, M,3.65,11999141,43.24
Andhra Pradesh,2019-06-30, M,3.05,11755881,42.05
Andhra Pradesh,2019-07-31, M,3.75,12086709,43.5
Andhra Pradesh,2019-08-31, M,3.32,12285689,43.97
Andhra Pradesh,2019-09-30, M,5.17,12256763,44.68
Andhra Pradesh,2019-10-31, M,3.52,12017405,43.01
Andhra Pradesh,2019-11-30, M,4.12,11397681,41
Andhra Pradesh,2019-12-31, M,4.38,12528397,45.14
Andhra Pradesh,2020-01-31, M,4.84,12016676,43.46
Andhra Pradesh,2020-02-29, M,5.91,11723617,42.83
Andhra Pradesh,2020-03-31, M,4.06,11359660,40.66
Andhra Pradesh,2020-04-30, M,16.29,8792827,36.03
Andhra Pradesh,2020-05-31, M,14.46,9526902,38.16
Andhra Pradesh,2020-06-30, M,2.44,14855579,52.12
Andhra Pradesh,2020-07-31, M,7.79,11272862,41.8
Andhra Pradesh,2020-08-31, M,5.84,10762372,39.04
Andhra Pradesh,2020-09-30, M,5.43,10817388,39.02
Andhra Pradesh,2020-10-31, M,6.55,10490186,38.25
Andhra Pradesh,2020-11-30, M,4.74,11133820,39.79
Andhra Pradesh,2020-12-31, M,6.51,11238274,40.87
Andhra Pradesh,2021-01-31, M,2.95,11776946,41.22
Andhra Pradesh,2021-02-28, M,3.14,11736108,41.11
Andhra Pradesh,2021-03-31, M,5.39,11130399,39.87
Andhra Pradesh,2021-04-30, M,3.56,11244637,39.47
Andhra Pradesh,2021-05-31, M,13.55,10637083,41.61
Andhra Pradesh,2021-06-30, M,7.47,10810677,39.47
Andhra Pradesh,2021-07-31, M,8.93,10873035,40.29
Andhra Pradesh,2021-08-31, M,5.77,11524239,41.22
Assam,2016-01-31, M,5.83,9830026,52.82
Assam,2016-02-29, M,13.24,9574798,55.74
Assam,2016-03-31, M,4.15,8635998,45.42
Assam,2016-04-30, M,0,8571034,43.12
Assam,2016-05-31, M,3.61,9210479,47.98
Assam,2016-06-30, M,10.96,8590588,48.34
Assam,2016-07-31, M,13.99,7982526,46.41
Assam,2016-08-31, M,7.55,8925705,48.18
Assam,2016-09-30, M,8.05,8776602,47.54
Assam,2016-10-31, M,7.02,8138953,43.51
Assam,2016-11-30, M,11.71,7942971,44.63
Assam,2016-12-31, M,3.57,9483848,48.7
Assam,2017-01-31, M,8.33,9275697,50
Assam,2017-02-28, M,6.12,8109924,42.61
Assam,2017-03-31, M,7.49,8307468,44.2
Assam,2017-04-30, M,2.04,8882399,44.55
Assam,2017-05-31, M,13.59,9504191,53.93
Assam,2017-06-30, M,11.11,8530022,46.96
Assam,2017-07-31, M,8.06,8601718,45.69
Assam,2017-08-31, M,4.08,9013099,45.79
Assam,2017-09-30, M,9,9951581,53.19
Assam,2017-10-31, M,8.4,8797514,46.62
Assam,2017-11-30, M,9.34,8777803,46.91
Assam,2018-01-31, M,7.96,9412069,49.34
Assam,2018-02-28, M,8.46,8375373,44.07
Assam,2018-03-31, M,5.45,8896631,45.23
Assam,2018-04-30, M,1.67,9424228,45.98
Assam,2018-05-31, M,6.58,10370592,53.15
Assam,2018-06-30, M,7.09,8574707,44.1
Assam,2018-07-31, M,7.31,8959786,46.09
Assam,2018-08-31, M,1.75,9489645,45.97
Assam,2018-09-30, M,11.84,9830039,52.96
Assam,2018-10-31, M,4.63,8488020,42.19
Assam,2018-11-30, M,8.43,9358053,48.35
Assam,2018-12-31, M,5.22,9539947,47.52
Assam,2019-01-31, M,4.81,10830421,53.61
Assam,2019-02-28, M,4.35,8694500,42.75
Assam,2019-03-31, M,7.14,9356919,47.3
Assam,2019-04-30, M,3.77,9720353,47.32
Assam,2019-05-31, M,4.29,11749334,57.39
Assam,2019-06-30, M,5.08,8923222,43.87
Assam,2019-07-31, M,4.26,9911534,48.21
Assam,2019-08-31, M,5.79,9292039,45.83
Assam,2019-09-30, M,4.46,11468350,55.67
Assam,2019-10-31, M,4.65,8395908,40.76
Assam,2019-11-30, M,4.66,9625364,46.64
Assam,2020-01-31, M,4.29,11420996,54.9
Assam,2020-02-29, M,3.26,8462814,40.17
Assam,2020-03-31, M,3.77,9878742,47.05
Assam,2020-05-31, M,9.38,9926176,50
Assam,2020-06-30, M,0,7544937,34.38
Assam,2020-07-31, M,3.37,8676252,40.83
Assam,2020-08-31, M,5,8210150,39.22
Assam,2020-09-30, M,0.9,12520100,57.22
Assam,2020-10-31, M,2.94,10283710,47.89
Assam,2020-11-30, M,4.22,9166357,43.17
Assam,2021-01-31, M,1.61,11555536,52.77
Assam,2021-02-28, M,1.52,9599029,43.71
Assam,2021-03-31, M,1.13,9490941,42.96
Assam,2021-07-31, M,1.18,9555120,42.93
Bihar,2016-01-31, M,3.7,24739780,41.51
Bihar,2016-02-29, M,4.52,26925344,45.47
Bihar,2016-03-31, M,2.29,23838393,39.25
Bihar,2016-04-30, M,5.5,26452688,44.94
Bihar,2016-05-31, M,12.92,25169982,46.3
Bihar,2016-06-30, M,7.67,26974137,46.7
Bihar,2016-07-31, M,3.9,24305446,40.35
Bihar,2016-08-31, M,12.43,26192565,47.61
Bihar,2016-09-30, M,14.39,24663044,45.76
Bihar,2016-10-31, M,6.47,25686600,43.53
Bihar,2016-11-30, M,6.28,24857505,41.95
Bihar,2016-12-31, M,4.43,25924646,42.81
Bihar,2017-01-31, M,4.72,24479462,40.45
Bihar,2017-02-28, M,3.41,25761779,41.91
Bihar,2017-03-31, M,2.48,24398730,39.23
Bihar,2017-04-30, M,1.34,25060822,39.75
Bihar,2017-05-31, M,2.12,26086226,41.61
Bihar,2017-06-30, M,1.69,26162150,41.46
Bihar,2017-07-31, M,1.75,24448773,38.68
Bihar,2017-08-31, M,3.33,24500483,39.31
Bihar,2017-09-30, M,4.81,24901807,40.49
Bihar,2017-10-31, M,4.86,25209722,40.93
Bihar,2017-11-30, M,5,24835579,40.29
Bihar,2017-12-31, M,5.05,24834397,40.23
Bihar,2018-01-31, M,3.19,26320624,41.72
Bihar,2018-02-28, M,6.64,25273112,41.46
Bihar,2018-03-31, M,9.89,24460810,41.48
Bihar,2018-04-30, M,7.49,24340228,40.12
Bihar,2018-05-31, M,4,25857744,40.98
Bihar,2018-06-30, M,7.03,24668734,40.29
Bihar,2018-07-31, M,8.92,23483603,39.06
Bihar,2018-08-31, M,8.73,23303745,38.6
Bihar,2018-09-30, M,4.59,25022998,39.56
Bihar,2018-10-31, M,9.25,23429236,38.86
Bihar,2018-11-30, M,10.75,22893899,38.53
Bihar,2018-12-31, M,7.51,22682550,36.75
Bihar,2019-01-31, M,7.52,24277845,39.26
Bihar,2019-02-28, M,10.89,23577976,39.49
Bihar,2019-03-31, M,10.99,23263629,38.93
Bihar,2019-04-30, M,11.22,22098643,36.99
Bihar,2019-05-31, M,9.27,24322323,39.75
Bihar,2019-06-30, M,10.2,24097708,39.71
Bihar,2019-07-31, M,13.44,23248876,39.66
Bihar,2019-08-31, M,11,22260212,36.85
Bihar,2019-09-30, M,8.62,23991088,38.6
Bihar,2019-10-31, M,12.47,24053140,40.31
Bihar,2019-11-30, M,12.4,22445999,37.51
Bihar,2019-12-31, M,10.16,22914536,37.25
Bihar,2020-01-31, M,9.13,23409006,37.54
Bihar,2020-02-29, M,9.61,23168192,37.28
Bihar,2020-03-31, M,15.39,22667882,38.88
Bihar,2020-04-30, M,45.09,14645275,38.63
Bihar,2020-05-31, M,47.26,14050319,38.5
Bihar,2020-06-30, M,18.54,20855544,36.92
Bihar,2020-07-31, M,12.03,21962598,35.92
Bihar,2020-08-31, M,12.25,21029375,34.41
Bihar,2020-09-30, M,11.1,23885640,38.49
Bihar,2020-10-31, M,9.66,22619048,35.79
Bihar,2020-11-30, M,9.23,22910615,36
Bihar,2020-12-31, M,11.85,21443715,34.63
Bihar,2021-01-31, M,9.67,25019470,39.34
Bihar,2021-02-28, M,11.2,22609883,36.09
Bihar,2021-03-31, M,14.1,22706548,37.39
Bihar,2021-04-30, M,10.02,21795163,34.19
Bihar,2021-05-31, M,13.41,24240457,39.42
Bihar,2021-06-30, M,10.14,22381007,35
Bihar,2021-07-31, M,12.38,22386909,35.83
Bihar,2021-08-31, M,12.76,21150536,33.92
Chhattisgarh,2016-01-31, M,0.91,6042681,41.1
Chhattisgarh,2016-02-29, M,5.26,6233184,44.26
Chhattisgarh,2016-03-31, M,0.97,6664130,45.17
Chhattisgarh,2016-04-30, M,2.89,6196137,42.73
Chhattisgarh,2016-05-31, M,4.29,6338136,44.25
Chhattisgarh,2016-06-30, M,1.18,6458159,43.58
Chhattisgarh,2016-07-31, M,3.59,6917881,47.74
Chhattisgarh,2016-08-31, M,1.71,6264762,42.31
Chhattisgarh,2016-09-30, M,8.51,7113859,51.51
Chhattisgarh,2016-10-31, M,3.33,8298791,56.74
Chhattisgarh,2016-11-30, M,3.09,7587438,51.64
Chhattisgarh,2016-12-31, M,3.71,6240718,42.66
Chhattisgarh,2017-01-31, M,3.29,6380086,43.32
Chhattisgarh,2017-02-28, M,1.75,7539539,50.29
Chhattisgarh,2017-03-31, M,2.83,7370766,49.6
Chhattisgarh,2017-04-30, M,4.17,6514503,44.36
Chhattisgarh,2017-05-31, M,3.86,6527077,44.2
Chhattisgarh,2017-06-30, M,1.03,6696222,43.96
Chhattisgarh,2017-07-31, M,0.64,7365798,48.06
Chhattisgarh,2017-08-31, M,3.25,6529389,43.66
Chhattisgarh,2017-09-30, M,4.45,6508360,43.97
Chhattisgarh,2017-10-31, M,2.21,6942533,45.72
Chhattisgarh,2017-11-30, M,3.01,7151861,47.39
Chhattisgarh,2017-12-31, M,1.5,6638490,43.22
Chhattisgarh,2018-01-31, M,5.64,6398523,43.39
Chhattisgarh,2018-02-28, M,1.63,6220704,40.38
Chhattisgarh,2018-03-31, M,2.86,6718999,44.07
Chhattisgarh,2018-04-30, M,2.09,6162574,40.02
Chhattisgarh,2018-05-31, M,4.45,5869882,38.97
Chhattisgarh,2018-06-30, M,1.69,6067913,39.07
Chhattisgarh,2018-07-31, M,3.05,6423394,41.85
Chhattisgarh,2018-08-31, M,2.78,6112994,39.63
Chhattisgarh,2018-09-30, M,23.18,6098401,49.92
Chhattisgarh,2018-10-31, M,12.52,6392014,45.85
Chhattisgarh,2018-11-30, M,5.38,6369071,42.15
Chhattisgarh,2018-12-31, M,4.9,5983109,39.3
Chhattisgarh,2019-01-31, M,6.81,6141864,41.08
Chhattisgarh,2019-02-28, M,6.94,6548608,43.78
Chhattisgarh,2019-03-31, M,3.17,6808582,43.65
Chhattisgarh,2019-04-30, M,2.99,6249706,39.9
Chhattisgarh,2019-05-31, M,9.82,6259019,42.89
Chhattisgarh,2019-06-30, M,6.76,6608625,43.71
Chhattisgarh,2019-07-31, M,4.54,6753624,43.53
Chhattisgarh,2019-08-31, M,4.64,6607694,42.55
Chhattisgarh,2019-09-30, M,8.33,6490778,43.38
Chhattisgarh,2019-10-31, M,6.96,7043839,46.28
Chhattisgarh,2019-11-30, M,2.77,6942930,43.56
Chhattisgarh,2019-12-31, M,6.11,6569389,42.59
Chhattisgarh,2020-01-31, M,9.89,6236201,42.03
Chhattisgarh,2020-02-29, M,7.89,6847173,45.05
Chhattisgarh,2020-03-31, M,7.31,6894808,44.98
Chhattisgarh,2020-04-30, M,0,6534321,39.43
Chhattisgarh,2020-05-31, M,7.64,5454091,35.56
Chhattisgarh,2020-06-30, M,10.27,5707746,38.22
Chhattisgarh,2020-07-31, M,12.37,6444882,44.09
Chhattisgarh,2020-08-31, M,6.07,6893482,43.9
Chhattisgarh,2020-09-30, M,0.86,6881003,41.43
Chhattisgarh,2020-10-31, M,6.11,6334070,40.18
Chhattisgarh,2020-11-30, M,3.09,6536087,40.08
Chhattisgarh,2020-12-31, M,7.84,6292258,40.48
Chhattisgarh,2021-01-31, M,6.76,6525591,41.41
Chhattisgarh,2021-02-28, M,5.82,6586047,41.29
Chhattisgarh,2021-03-31, M,2.46,6321761,38.18
Chhattisgarh,2021-04-30, M,3.42,7057826,42.96
Chhattisgarh,2021-05-31, M,9.35,7019483,45.42
Chhattisgarh,2021-06-30, M,2.32,7098251,42.54
Chhattisgarh,2021-07-31, M,3.75,6498464,39.43
Chhattisgarh,2021-08-31, M,3.91,6538489,39.66
Delhi,2016-01-31, M,11.18,144325,42.71
Delhi,2016-02-29, M,11.11,139645,41.12
Delhi,2016-03-31, M,27.27,144183,51.64
Delhi,2016-04-30, M,23.76,152488,51.86
Delhi,2016-05-31, M,11.72,142106,41.55
Delhi,2016-06-30, M,7.23,143400,39.71
Delhi,2016-07-31, M,19.41,147909,46.93
Delhi,2016-08-31, M,21.11,136416,44.01
Delhi,2016-09-30, M,14.17,131146,38.71
Delhi,2016-10-31, M,10.2,143028,40.16
Delhi,2016-11-30, M,17.99,152807,46.77
Delhi,2016-12-31, M,17.53,138138,41.85
Delhi,2017-01-31, M,6.15,141804,37.57
Delhi,2017-02-28, M,10.67,125279,34.72
Delhi,2017-03-31, M,2.54,148688,37.6
Delhi,2017-04-30, M,13.13,128418,36.26
Delhi,2017-05-31, M,4.51,143693,36.74
Delhi,2017-06-30, M,5.3,133938,34.37
Delhi,2017-07-31, M,4.12,146744,37.02
Delhi,2017-08-31, M,15.94,138058,39.54
Delhi,2017-09-30, M,3.23,152660,37.8
Delhi,2017-10-31, M,4.4,136457,34.05
Delhi,2017-11-30, M,3.49,161595,39.76
Delhi,2017-12-31, M,3.82,142949,35.12
Delhi,2018-01-31, M,3.87,153021,37.44
Delhi,2018-02-28, M,4.44,144573,35.43
Delhi,2018-03-31, M,4.89,157209,38.53
Delhi,2018-04-30, M,8.23,136151,34.42
Delhi,2018-05-31, M,4.22,155775,37.56
Delhi,2018-06-30, M,6.38,149248,36.65
Delhi,2018-07-31, M,14.58,152907,40.96
Delhi,2018-08-31, M,6.94,138141,33.8
Delhi,2018-09-30, M,5.52,163295,39.18
Delhi,2018-10-31, M,12.57,141566,36.53
Delhi,2018-11-30, M,11.44,157215,39.86
Delhi,2018-12-31, M,9.15,137901,33.92
Delhi,2019-01-31, M,9.44,163568,40.18
Delhi,2019-02-28, M,8.33,153787,37.16
Delhi,2019-03-31, M,10.13,164083,40.25
Delhi,2019-04-30, M,9.74,141714,34.45
Delhi,2019-05-31, M,12.56,169487,42.33
Delhi,2019-06-30, M,9.33,149076,35.74
Delhi,2019-07-31, M,11.07,166605,40.53
Delhi,2019-08-31, M,17.18,135407,35.21
Delhi,2019-09-30, M,12.5,166056,40.68
Delhi,2019-10-31, M,15.84,149511,37.9
Delhi,2019-11-30, M,11.11,178768,42.71
Delhi,2019-12-31, M,16.97,145671,37.08
Delhi,2020-01-31, M,13.48,157791,38.36
Delhi,2020-02-29, M,13.81,147500,35.84
Delhi,2020-03-31, M,15.18,152413,37.45
Delhi,2020-04-30, M,20.69,115487,30.21
Delhi,2020-05-31, M,22.76,129610,34.65
Delhi,2020-06-30, M,21.14,112108,29.22
Delhi,2020-07-31, M,16.2,142944,34.89
Delhi,2020-08-31, M,20,121757,30.98
Delhi,2020-09-30, M,8.7,144510,32.07
Delhi,2020-10-31, M,9.14,132505,29.41
Delhi,2020-11-30, M,7.07,154829,33.45
Delhi,2020-12-31, M,9.93,138922,30.82
Delhi,2021-01-31, M,10.32,143249,31.76
Delhi,2021-02-28, M,7.18,140722,30.02
Delhi,2021-03-31, M,10.95,153814,34.04
Delhi,2021-04-30, M,14.18,132057,30.18
Delhi,2021-05-31, M,22.22,118925,29.85
Delhi,2021-06-30, M,21.31,113061,27.92
Delhi,2021-07-31, M,9.91,162721,34.93
Delhi,2021-08-31, M,11.18,136472,29.57
Goa,2016-01-31, M,12.29,196982,49.31
Goa,2016-02-29, M,5.4,211252,48.99
Goa,2016-03-31, M,7.26,230237,54.42
Goa,2016-05-31, M,14.58,200947,51.47
Goa,2016-06-30, M,7.8,213994,50.74
Goa,2016-07-31, M,4.27,221852,50.62
Goa,2016-08-31, M,12.5,227317,56.69
Goa,2016-09-30, M,11.36,228587,56.23
Goa,2016-10-31, M,8.78,213007,50.87
Goa,2016-11-30, M,18.18,213420,56.77
Goa,2016-12-31, M,7.81,233892,55.17
Goa,2017-01-31, M,8.02,225591,53.29
Goa,2017-02-28, M,8.79,213591,50.84
Goa,2017-03-31, M,16.11,207306,53.6
Goa,2017-04-30, M,5.76,232012,53.35
Goa,2017-05-31, M,8.4,232870,55.04
Goa,2017-06-30, M,7.49,214974,50.27
Goa,2017-07-31, M,4.42,212631,48.09
Goa,2017-08-31, M,9.16,230573,54.81
Goa,2017-09-30, M,2.44,218109,48.24
Goa,2017-10-31, M,8.77,202711,47.9
Goa,2017-11-30, M,2.63,215636,47.7
Goa,2017-12-31, M,5.71,227529,51.93
Goa,2018-01-31, M,10,195755,46.76
Goa,2018-02-28, M,5.75,199849,45.55
Goa,2018-03-31, M,4,209009,46.73
Goa,2018-04-30, M,6.88,221279,50.96
Goa,2018-05-31, M,5.47,200979,45.55
Goa,2018-06-30, M,7.58,202815,46.98
Goa,2018-07-31, M,5.17,204092,46.03
Goa,2018-08-31, M,6.25,210397,47.96
Goa,2018-09-30, M,5.79,203023,46.01
Goa,2018-10-31, M,1.05,198499,42.79
Goa,2018-11-30, M,1.77,205855,44.66
Goa,2018-12-31, M,7.22,212538,48.78
Goa,2019-01-31, M,4.46,181567,40.43
Goa,2019-02-28, M,6.25,193322,43.84
Goa,2019-03-31, M,8.74,179185,41.7
Goa,2019-04-30, M,7.25,201737,46.15
Goa,2019-05-31, M,2.91,179340,39.16
Goa,2019-06-30, M,5.45,170471,38.19
Goa,2019-07-31, M,10.98,167437,39.81
Goa,2019-08-31, M,1.98,183603,39.61
Goa,2019-09-30, M,3.41,162885,35.63
Goa,2019-10-31, M,7.21,177440,40.36
Goa,2019-11-30, M,23.71,159489,44.09
Goa,2019-12-31, M,3.54,177155,38.7
Goa,2020-01-31, M,5.38,158936,35.36
Goa,2020-02-29, M,0,171672,36.11
Goa,2020-04-30, M,15.91,181657,45.36
Goa,2020-05-31, M,20,128538,33.71
Goa,2020-07-31, M,16.36,177137,44.35
Goa,2020-09-30, M,1.52,156241,33.17
Goa,2020-10-31, M,18,145403,37.04
Goa,2020-11-30, M,14.29,153337,37.33
Goa,2020-12-31, M,17.92,150093,38.13
Goa,2021-01-31, M,8.7,162592,37.1
Goa,2021-02-28, M,21.67,151542,40.27
Goa,2021-03-31, M,31.82,140054,42.72
Goa,2021-04-30, M,15,138670,33.9
Goa,2021-05-31, M,16.07,159434,39.44
Goa,2021-06-30, M,21.43,131485,34.71
Goa,2021-07-31, M,25.37,138661,38.51
Goa,2021-08-31, M,12.5,164250,38.87
Gujarat,2016-01-31, M,2.31,12454838,48.97
Gujarat,2016-02-29, M,4.9,11231726,45.3
Gujarat,2016-03-31, M,2.47,12152621,47.72
Gujarat,2016-04-30, M,2.02,12897823,50.35
Gujarat,2016-05-31, M,1.48,13873626,53.78
Gujarat,2016-06-30, M,2.93,11496245,45.16
Gujarat,2016-07-31, M,1.65,12637358,48.92
Gujarat,2016-08-31, M,0.8,12307651,47.17
Gujarat,2016-09-30, M,1.01,13150390,50.43
Gujarat,2016-10-31, M,1.47,12618305,48.54
Gujarat,2016-11-30, M,1.72,13034827,50.2
Gujarat,2016-12-31, M,6.25,11854052,47.79
Gujarat,2017-01-31, M,1.23,13221793,50.52
Gujarat,2017-02-28, M,0.91,11953144,45.46
Gujarat,2017-03-31, M,5.32,11977927,47.6
Gujarat,2017-04-30, M,5.14,11854565,46.96
Gujarat,2017-05-31, M,2.7,11716313,45.18
Gujarat,2017-06-30, M,3.59,11730423,45.58
Gujarat,2017-07-31, M,2.92,12120704,46.7
Gujarat,2017-08-31, M,2.24,12277389,46.91
Gujarat,2017-09-30, M,3.36,11044703,42.63
Gujarat,2017-10-31, M,4.86,11348119,44.42
Gujarat,2017-11-30, M,3.23,12887989,49.53
Gujarat,2017-12-31, M,1.47,12655392,47.69
Gujarat,2018-01-31, M,3,11544838,44.13
Gujarat,2018-02-28, M,11.12,11495243,47.89
Gujarat,2018-03-31, M,5.46,12701625,49.67
Gujarat,2018-04-30, M,4.63,13121908,50.79
Gujarat,2018-05-31, M,5.71,11179972,43.7
Gujarat,2018-06-30, M,6.09,11556778,45.3
Gujarat,2018-07-31, M,5.22,12867557,49.89
Gujarat,2018-08-31, M,2.51,13373766,50.34
Gujarat,2018-09-30, M,4.51,12607752,48.38
Gujarat,2018-10-31, M,7.94,12253250,48.7
Gujarat,2018-11-30, M,5.31,13840682,53.4
Gujarat,2018-12-31, M,3.67,13487829,51.08
Gujarat,2019-01-31, M,5.91,13698898,53.03
Gujarat,2019-02-28, M,5.42,13307765,51.18
Gujarat,2019-03-31, M,4.05,14489544,54.84
Gujarat,2019-04-30, M,2.73,14011137,52.24
Gujarat,2019-05-31, M,2.88,13954726,52.03
Gujarat,2019-06-30, M,4.77,13199275,50.12
Gujarat,2019-07-31, M,4.58,14327088,54.21
Gujarat,2019-08-31, M,3.7,13507339,50.57
Gujarat,2019-09-30, M,6.29,13280777,51.01
Gujarat,2019-10-31, M,4.91,13828523,52.27
Gujarat,2019-11-30, M,4.68,14487815,54.55
Gujarat,2019-12-31, M,3.46,13877824,51.51
Gujarat,2020-01-31, M,5.35,14301844,54.07
Gujarat,2020-02-29, M,6.64,13973042,53.48
Gujarat,2020-03-31, M,7.59,13483615,52.06
Gujarat,2020-04-30, M,12,8587594,34.77
Gujarat,2020-05-31, M,12.56,11740781,47.76
Gujarat,2020-06-30, M,1.39,13270426,47.8
Gujarat,2020-07-31, M,0.58,13895092,49.57
Gujarat,2020-08-31, M,0.95,12611779,45.09
Gujarat,2020-09-30, M,3.24,15008970,54.85
Gujarat,2020-10-31, M,2.7,14534338,52.74
Gujarat,2020-11-30, M,4.58,14315192,52.89
Gujarat,2020-12-31, M,1.3,11784046,42.03
Gujarat,2021-01-31, M,3.11,13893075,50.4
Gujarat,2021-02-28, M,3.03,13470268,48.76
Gujarat,2021-03-31, M,2.15,14357667,51.43
Gujarat,2021-04-30, M,1.61,13739426,48.87
Gujarat,2021-05-31, M,2.34,13711252,49.06
Gujarat,2021-06-30, M,1.54,14206021,50.35
Gujarat,2021-07-31, M,0.97,14920938,52.5
Gujarat,2021-08-31, M,1.19,13146704,46.29
Haryana,2016-01-31, M,12.75,5166429,46.74
Haryana,2016-02-29, M,9.55,5107763,44.5
Haryana,2016-03-31, M,7.36,5354862,45.47
Haryana,2016-04-30, M,12.03,5028469,44.88
Haryana,2016-05-31, M,7.1,5356324,45.19
Haryana,2016-06-30, M,10.31,4823368,42.08
Haryana,2016-07-31, M,8.63,4976264,42.53
Haryana,2016-08-31, M,17.06,4969421,46.7
Haryana,2016-09-30, M,3.41,5267062,42.43
Haryana,2016-10-31, M,8.53,4966838,42.17
Haryana,2016-11-30, M,4.91,5110195,41.67
Haryana,2016-12-31, M,18.79,4538689,43.25
Haryana,2017-01-31, M,5.32,5085276,41.49
Haryana,2017-02-28, M,8.32,4920716,41.39
Haryana,2017-03-31, M,4.49,4619780,37.23
Haryana,2017-04-30, M,1.92,4293016,33.64
Haryana,2017-05-31, M,0.92,4802740,37.18
Haryana,2017-06-30, M,4.01,4949445,39.48
Haryana,2017-07-31, M,6.83,4750170,38.96
Haryana,2017-08-31, M,0.41,4506125,34.52
Haryana,2017-09-30, M,10.22,5170890,43.86
Haryana,2017-10-31, M,14.89,4996948,44.63
Haryana,2017-11-30, M,15.67,4808009,43.26
Haryana,2017-12-31, M,22.05,4676789,45.44
Haryana,2018-01-31, M,10.59,5001436,42.29
Haryana,2018-02-28, M,17.43,4840912,44.25
Haryana,2018-03-31, M,12.5,4786117,41.21
Haryana,2018-04-30, M,23.72,4614001,45.49
Haryana,2018-05-31, M,11.25,5007325,42.35
Haryana,2018-06-30, M,15.44,4860036,43.06
Haryana,2018-07-31, M,12.57,4867627,41.64
Haryana,2018-08-31, M,25.09,4691544,46.76
Haryana,2018-09-30, M,14.01,5060749,43.86
Haryana,2018-10-31, M,18.67,4842527,44.29
Haryana,2018-11-30, M,17.34,4765000,42.8
Haryana,2018-12-31, M,25.59,4636216,46.18
Haryana,2019-01-31, M,14,5057731,43.51
Haryana,2019-02-28, M,21.05,4759841,44.53
Haryana,2019-03-31, M,16.01,4719152,41.43
Haryana,2019-04-30, M,27.78,4521365,46.07
Haryana,2019-05-31, M,14.54,5249186,45.12
Haryana,2019-06-30, M,23.08,4745178,45.23
Haryana,2019-07-31, M,16.22,4826560,42.17
Haryana,2019-08-31, M,30.94,4558306,48.23
Haryana,2019-09-30, M,16.29,5137903,44.76
Haryana,2019-10-31, M,24.17,4798831,46.07
Haryana,2019-11-30, M,16.59,4875762,42.48
Haryana,2019-12-31, M,29.56,4603482,47.4
Haryana,2020-01-31, M,16.21,5062293,43.74
Haryana,2020-02-29, M,27.19,4570108,45.37
Haryana,2020-03-31, M,23.92,4366148,41.4
Haryana,2020-04-30, M,41.61,4041050,49.85
Haryana,2020-05-31, M,23.7,4424785,41.69
Haryana,2020-06-30, M,25.8,4594282,44.43
Haryana,2020-07-31, M,17.62,4440170,38.61
Haryana,2020-08-31, M,32.01,4594011,48.31
Haryana,2020-09-30, M,13.32,4728711,38.93
Haryana,2020-10-31, M,30.51,4222454,43.29
Haryana,2020-11-30, M,17.17,4691436,40.28
Haryana,2020-12-31, M,29.01,4274940,42.74
Haryana,2021-01-31, M,11.07,4949138,39.43
Haryana,2021-02-28, M,29.8,4273138,43.06
Haryana,2021-03-31, M,21.52,4834960,43.49
Haryana,2021-04-30, M,31,4435071,45.3
Haryana,2021-05-31, M,20.42,4330493,38.28
Haryana,2021-06-30, M,29.7,4305061,43
Haryana,2021-07-31, M,21,4559615,40.45
Haryana,2021-08-31, M,33.57,4454763,46.92
Himachal Pradesh,2016-01-31, M,3.27,2000786,41.24
Himachal Pradesh,2016-02-29, M,3.57,1970430,40.68
Himachal Pradesh,2016-03-31, M,5.85,2100552,44.34
Himachal Pradesh,2016-04-30, M,3.18,1765170,36.18
Himachal Pradesh,2016-05-31, M,4.38,2032688,42.11
Himachal Pradesh,2016-06-30, M,1.12,2027298,40.55
Himachal Pradesh,2016-07-31, M,9.24,2018840,43.91
Himachal Pradesh,2016-08-31, M,3.85,1865352,38.24
Himachal Pradesh,2016-09-30, M,1.9,2044719,41.02
Himachal Pradesh,2016-10-31, M,0.58,2012823,39.77
Himachal Pradesh,2016-11-30, M,4.24,2092519,42.86
Himachal Pradesh,2016-12-31, M,1.37,2054390,40.78
Himachal Pradesh,2017-01-31, M,1.69,2104469,41.84
Himachal Pradesh,2017-02-28, M,2.33,2084263,41.65
Himachal Pradesh,2017-03-31, M,2.67,2223547,44.51
Himachal Pradesh,2017-04-30, M,0,2064632,40.16
Himachal Pradesh,2017-05-31, M,1.95,2095865,41.51
Himachal Pradesh,2017-06-30, M,1.23,2073500,40.7
Himachal Pradesh,2017-07-31, M,2.58,2015874,40.05
Himachal Pradesh,2017-08-31, M,0.69,2093342,40.73
Himachal Pradesh,2017-09-30, M,4.9,2112658,42.86
Himachal Pradesh,2017-10-31, M,4.64,2022287,40.84
Himachal Pradesh,2017-11-30, M,14.4,2129469,47.83
Himachal Pradesh,2017-12-31, M,11.11,2111612,45.6
Himachal Pradesh,2018-01-31, M,12.77,2033763,44.68
Himachal Pradesh,2018-02-28, M,8.81,1938777,40.68
Himachal Pradesh,2018-03-31, M,15.1,2001643,45.04
Himachal Pradesh,2018-04-30, M,16.96,2040394,46.86
Himachal Pradesh,2018-05-31, M,13.81,2030015,44.84
Himachal Pradesh,2018-06-30, M,11.11,1941319,41.51
Himachal Pradesh,2018-07-31, M,17.7,1956462,45.11
Himachal Pradesh,2018-08-31, M,17.09,2006877,45.85
Himachal Pradesh,2018-09-30, M,14.53,2085719,46.15
Himachal Pradesh,2018-10-31, M,12.44,1982012,42.74
Himachal Pradesh,2018-11-30, M,19.32,2094338,48.94
Himachal Pradesh,2018-12-31, M,18.67,2013285,46.58
Himachal Pradesh,2019-01-31, M,14.29,2052608,44.99
Himachal Pradesh,2019-02-28, M,13.33,1988122,43.03
Himachal Pradesh,2019-03-31, M,18.55,1957550,45.01
Himachal Pradesh,2019-04-30, M,19.18,1988817,46.01
Himachal Pradesh,2019-05-31, M,13.68,2045761,44.23
Himachal Pradesh,2019-06-30, M,11.43,1957081,41.18
Himachal Pradesh,2019-07-31, M,20.59,1916824,44.91
Himachal Pradesh,2019-08-31, M,18.56,1969248,44.91
Himachal Pradesh,2019-09-30, M,15.98,2039804,45.02
Himachal Pradesh,2019-10-31, M,15.81,1946957,42.81
Himachal Pradesh,2019-11-30, M,22.86,2024409,48.5
Himachal Pradesh,2019-12-31, M,19.46,1922821,44.05
Himachal Pradesh,2020-01-31, M,16.67,2041035,45.11
Himachal Pradesh,2020-02-29, M,15.42,1952464,42.45
Himachal Pradesh,2020-03-31, M,17.71,1800426,40.17
Himachal Pradesh,2020-04-30, M,2.13,984171,18.43
Himachal Pradesh,2020-05-31, M,25.64,1732050,42.62
Himachal Pradesh,2020-06-30, M,12.85,1981244,41.53
Himachal Pradesh,2020-07-31, M,24.06,2013770,48.36
Himachal Pradesh,2020-08-31, M,14.05,1801879,38.17
Himachal Pradesh,2020-09-30, M,11.36,2008871,41.2
Himachal Pradesh,2020-10-31, M,13.42,1913360,40.1
Himachal Pradesh,2020-11-30, M,15.57,1760074,37.77
Himachal Pradesh,2020-12-31, M,7.02,1953491,38
Himachal Pradesh,2021-01-31, M,11.43,2019761,41.18
Himachal Pradesh,2021-02-28, M,15.5,1867240,39.84
Himachal Pradesh,2021-03-31, M,13.84,1706608,35.65
Himachal Pradesh,2021-04-30, M,10.53,1789783,35.95
Himachal Pradesh,2021-05-31, M,6.85,2026996,39.04
Himachal Pradesh,2021-06-30, M,17.19,1750982,37.87
Himachal Pradesh,2021-07-31, M,14.62,1806499,37.83
Himachal Pradesh,2021-08-31, M,4.03,1867380,34.73
Jammu & Kashmir,2016-01-31, M,11.52,2456244,42.68
Jammu & Kashmir,2016-02-29, M,18.62,2299744,43.36
Jammu & Kashmir,2016-03-31, M,11.52,2413465,41.77
Jammu & Kashmir,2016-04-30, M,5.29,2619857,42.27
Jammu & Kashmir,2016-05-31, M,22.68,2366341,46.67
Jammu & Kashmir,2016-06-30, M,21.38,2427365,47
Jammu & Kashmir,2016-07-31, M,17.04,2416967,44.25
Jammu & Kashmir,2016-08-31, M,25,2664982,53.86
Jammu & Kashmir,2016-09-30, M,26.74,2256905,46.6
Jammu & Kashmir,2016-10-31, M,25.76,2304905,46.87
Jammu & Kashmir,2016-11-30, M,34.33,2157865,49.51
Jammu & Kashmir,2016-12-31, M,22.89,2722685,53.09
Jammu & Kashmir,2017-01-31, M,25,2240329,44.82
Jammu & Kashmir,2017-02-28, M,7.05,2450978,39.49
Jammu & Kashmir,2017-03-31, M,22.7,2426854,46.92
Jammu & Kashmir,2017-04-30, M,19.54,2676450,49.62
Jammu & Kashmir,2017-05-31, M,9.85,2304774,38.06
Jammu & Kashmir,2017-06-30, M,8.79,2367608,38.57
Jammu & Kashmir,2017-07-31, M,7.78,2361216,37.96
Jammu & Kashmir,2017-08-31, M,6.31,2734692,43.19
Jammu & Kashmir,2017-09-30, M,13.44,2391408,40.8
Jammu & Kashmir,2017-10-31, M,10.99,2424483,40.14
Jammu & Kashmir,2017-11-30, M,12.86,2498696,42.17
Jammu & Kashmir,2017-12-31, M,12.76,2693199,45.31
Jammu & Kashmir,2018-01-31, M,6.87,2435760,38.31
Jammu & Kashmir,2018-02-28, M,15.89,2258418,39.25
Jammu & Kashmir,2018-03-31, M,14.35,2529950,43.09
Jammu & Kashmir,2018-04-30, M,10.14,2786778,45.15
Jammu & Kashmir,2018-05-31, M,7.98,2511807,39.66
Jammu & Kashmir,2018-06-30, M,11.44,2296539,37.61
Jammu & Kashmir,2018-07-31, M,8.46,2515607,39.77
Jammu & Kashmir,2018-08-31, M,6.99,2759042,42.84
Jammu & Kashmir,2018-09-30, M,13.01,2378621,39.41
Jammu & Kashmir,2018-10-31, M,12.92,2170451,35.85
Jammu & Kashmir,2018-11-30, M,10.58,2409452,38.68
Jammu & Kashmir,2018-12-31, M,8.24,2703612,42.21
Jammu & Kashmir,2019-01-31, M,14.6,2453894,41.08
Jammu & Kashmir,2019-02-28, M,13.3,2366325,38.95
Jammu & Kashmir,2019-03-31, M,13.73,2582126,42.62
Jammu & Kashmir,2019-04-30, M,8.73,2828192,44.04
Jammu & Kashmir,2019-05-31, M,12.78,2495186,40.57
Jammu & Kashmir,2019-06-30, M,12.09,2423742,39.02
Jammu & Kashmir,2019-07-31, M,13.67,2549315,41.71
Jammu & Kashmir,2019-08-31, M,11.32,2778624,44.17
Jammu & Kashmir,2019-09-30, M,20.19,2244333,39.56
Jammu & Kashmir,2019-10-31, M,19.27,2477621,43.08
Jammu & Kashmir,2019-11-30, M,14.73,2415724,39.69
Jammu & Kashmir,2020-01-31, M,22.19,2373488,42.56
Jammu & Kashmir,2020-02-29, M,21.23,2163397,38.25
Jammu & Kashmir,2020-03-31, M,16,2361004,39.06
Jammu & Kashmir,2020-05-31, M,20.87,2309058,40.39
Jammu & Kashmir,2020-06-30, M,18.97,2049617,34.94
Jammu & Kashmir,2020-07-31, M,12.16,2455781,38.54
Jammu & Kashmir,2020-08-31, M,9.86,2398006,36.6
Jammu & Kashmir,2020-09-30, M,16.67,2276081,37.5
Jammu & Kashmir,2020-10-31, M,18.99,2103975,35.59
Jammu & Kashmir,2020-11-30, M,6.19,2061655,30.05
Jammu & Kashmir,2021-01-31, M,20.35,2250612,38.48
Jammu & Kashmir,2021-02-28, M,13.41,2016760,31.66
Jammu & Kashmir,2021-03-31, M,9.33,2097497,31.38
Jammu & Kashmir,2021-04-30, M,10.53,2700551,40.86
Jammu & Kashmir,2021-05-31, M,9.05,2367082,35.16
Jammu & Kashmir,2021-06-30, M,6.67,2264323,32.71
Jammu & Kashmir,2021-07-31, M,14.98,2295211,36.32
Jammu & Kashmir,2021-08-31, M,11.71,2653998,40.36
Jharkhand,2016-01-31, M,13.02,5758593,37.37
Jharkhand,2016-02-29, M,9.83,7053871,44.06
Jharkhand,2016-03-31, M,6.52,6651470,39.98
Jharkhand,2016-04-30, M,5.44,7966546,47.23
Jharkhand,2016-05-31, M,10.91,6013866,37.76
Jharkhand,2016-06-30, M,5.09,7251741,42.64
Jharkhand,2016-07-31, M,1.85,7150109,40.56
Jharkhand,2016-08-31, M,7.49,7692566,46.19
Jharkhand,2016-09-30, M,4.46,6937521,40.25
Jharkhand,2016-10-31, M,3.44,7299252,41.8
Jharkhand,2016-11-30, M,0.72,7298964,40.56
Jharkhand,2016-12-31, M,0.77,7863807,43.62
Jharkhand,2017-01-31, M,3.31,7038602,39.98
Jharkhand,2017-02-28, M,2.38,7285603,40.9
Jharkhand,2017-03-31, M,0,7138318,39.03
Jharkhand,2017-04-30, M,0.35,7572661,41.46
Jharkhand,2017-05-31, M,1.75,7130551,39.5
Jharkhand,2017-06-30, M,3.67,7415602,41.81
Jharkhand,2017-07-31, M,0.51,6793196,37
Jharkhand,2017-08-31, M,1.18,7312124,40
Jharkhand,2017-09-30, M,8.2,7091669,41.67
Jharkhand,2017-10-31, M,7.36,7312875,42.48
Jharkhand,2017-11-30, M,5.7,6838769,38.94
Jharkhand,2017-12-31, M,6.19,7207751,41.16
Jharkhand,2018-01-31, M,4.76,7183570,40.31
Jharkhand,2018-02-28, M,5.99,7328725,41.57
Jharkhand,2018-03-31, M,6.19,7004467,39.73
Jharkhand,2018-04-30, M,8.9,6921262,40.33
Jharkhand,2018-05-31, M,7.45,7141579,40.87
Jharkhand,2018-06-30, M,7.93,7239300,41.55
Jharkhand,2018-07-31, M,9.2,6963289,40.43
Jharkhand,2018-08-31, M,7.96,7005921,40.04
Jharkhand,2018-09-30, M,5.88,7149328,39.87
Jharkhand,2018-10-31, M,7.32,7405022,41.84
Jharkhand,2018-11-30, M,8.55,6951215,39.71
Jharkhand,2018-12-31, M,9.78,6970551,40.27
Jharkhand,2019-01-31, M,6.2,7056831,39.13
Jharkhand,2019-02-28, M,5.45,7483195,41.08
Jharkhand,2019-03-31, M,11.88,6879839,40.43
Jharkhand,2019-04-30, M,10.71,7220330,41.77
Jharkhand,2019-05-31, M,7.11,7035762,39.04
Jharkhand,2019-06-30, M,8.46,7319780,41.12
Jharkhand,2019-07-31, M,9.98,6958399,39.66
Jharkhand,2019-08-31, M,12.06,7015356,40.83
Jharkhand,2019-09-30, M,6.38,7673454,41.86
Jharkhand,2019-10-31, M,6.57,7761238,42.33
Jharkhand,2019-11-30, M,8.07,7279631,40.26
Jharkhand,2019-12-31, M,15.15,6873439,41.09
Jharkhand,2020-01-31, M,6.16,7868736,42.43
Jharkhand,2020-02-29, M,9.06,7932402,44.05
Jharkhand,2020-03-31, M,5.01,7157454,37.96
Jharkhand,2020-04-30, M,41.72,4280434,36.92
Jharkhand,2020-05-31, M,55.1,3315038,37.03
Jharkhand,2020-06-30, M,21.53,6375114,40.65
Jharkhand,2020-07-31, M,8.36,6907458,37.63
Jharkhand,2020-08-31, M,6.35,7093468,37.72
Jharkhand,2020-09-30, M,7.79,7640366,41.18
Jharkhand,2020-10-31, M,11.32,7999884,44.73
Jharkhand,2020-11-30, M,8.17,7201406,38.79
Jharkhand,2020-12-31, M,9.86,7359442,40.3
Jharkhand,2021-01-31, M,8.53,7634206,41.1
Jharkhand,2021-02-28, M,10.82,7921963,43.65
Jharkhand,2021-03-31, M,12.77,7227462,40.62
Jharkhand,2021-04-30, M,14.13,7295292,41.56
Jharkhand,2021-05-31, M,12.04,7157235,39.71
Jharkhand,2021-06-30, M,9.91,8483224,45.85
Jharkhand,2021-07-31, M,8.46,7743077,41.09
Jharkhand,2021-08-31, M,15.1,7542013,43.05
Karnataka,2016-01-31, M,4.42,14637441,51.3
Karnataka,2016-02-29, M,4.85,14583090,51.27
Karnataka,2016-03-31, M,2.47,14030453,48.05
Karnataka,2016-04-30, M,2.76,14253810,48.88
Karnataka,2016-05-31, M,8.58,14707637,53.57
Karnataka,2016-06-30, M,2.62,14859834,50.73
Karnataka,2016-07-31, M,2.4,15093524,51.34
Karnataka,2016-08-31, M,2.03,14453326,48.9
Karnataka,2016-09-30, M,3.39,16136233,55.28
Karnataka,2016-10-31, M,4.43,15537123,53.72
Karnataka,2016-11-30, M,5.36,14036958,48.94
Karnataka,2016-12-31, M,3.51,15783823,53.88
Karnataka,2017-01-31, M,5.93,15753216,55.07
Karnataka,2017-02-28, M,3.87,15467427,52.84
Karnataka,2017-03-31, M,3.03,13609914,46.02
Karnataka,2017-04-30, M,0.6,15843899,52.19
Karnataka,2017-05-31, M,0.78,15514006,51.12
Karnataka,2017-06-30, M,0.94,14571995,48.02
Karnataka,2017-07-31, M,1.45,13208069,43.68
Karnataka,2017-08-31, M,0.17,16513005,53.82
Karnataka,2017-09-30, M,0.8,14833779,48.58
Karnataka,2017-10-31, M,0.38,15705312,51.14
Karnataka,2017-11-30, M,1.68,14318608,47.17
Karnataka,2017-12-31, M,2.29,14103091,46.68
Karnataka,2018-01-31, M,0.95,15227837,49.64
Karnataka,2018-02-28, M,2.41,15009921,49.59
Karnataka,2018-03-31, M,3.63,13593222,45.41
Karnataka,2018-04-30, M,0.98,14314823,46.47
Karnataka,2018-05-31, M,0.88,14901557,48.25
Karnataka,2018-06-30, M,2.01,14816106,48.45
Karnataka,2018-07-31, M,2.91,12860192,42.38
Karnataka,2018-08-31, M,0.6,13843390,44.49
Karnataka,2018-09-30, M,0.38,14419564,46.17
Karnataka,2018-10-31, M,1.65,13943696,45.15
Karnataka,2018-11-30, M,1.44,12931767,41.72
Karnataka,2018-12-31, M,0.65,13040378,41.67
Karnataka,2019-01-31, M,0.98,14335721,45.89
Karnataka,2019-02-28, M,1.78,13551873,43.67
Karnataka,2019-03-31, M,0.85,11927951,38.02
Karnataka,2019-04-30, M,0.24,12715644,40.22
Karnataka,2019-05-31, M,5.46,13911444,46.36
Karnataka,2019-06-30, M,5.98,12888498,43.12
Karnataka,2019-07-31, M,0.52,12169803,38.42
Karnataka,2019-08-31, M,0.37,12686467,39.93
Karnataka,2019-09-30, M,3.15,13750519,44.46
Karnataka,2019-10-31, M,7.13,12803523,43.1
Karnataka,2019-11-30, M,1.19,11537212,36.45
Karnataka,2019-12-31, M,0.41,12756131,39.92
Karnataka,2020-01-31, M,2.57,13938874,44.52
Karnataka,2020-02-29, M,4.11,12753657,41.33
Karnataka,2020-03-31, M,2.39,12853818,40.85
Karnataka,2020-04-30, M,33.17,9330400,43.25
Karnataka,2020-05-31, M,23.72,10626328,43.09
Karnataka,2020-06-30, M,10.92,15396213,53.37
Karnataka,2020-07-31, M,4.61,13957482,45.11
Karnataka,2020-08-31, M,0,14448864,44.48
Karnataka,2020-09-30, M,2.68,11664790,36.84
Karnataka,2020-10-31, M,1.11,13722339,42.59
Karnataka,2020-11-30, M,2.13,13133425,41.12
Karnataka,2020-12-31, M,1.12,13478754,41.71
Karnataka,2021-01-31, M,3.82,13160475,41.8
Karnataka,2021-02-28, M,2.53,14028978,43.91
Karnataka,2021-03-31, M,0.98,13418162,41.27
Karnataka,2021-04-30, M,1.94,14396676,44.65
Karnataka,2021-05-31, M,4.29,14913774,47.31
Karnataka,2021-06-30, M,2.79,15112296,47.13
Karnataka,2021-07-31, M,2.33,13784191,42.72
Karnataka,2021-08-31, M,0.83,14047211,42.81
Kerala,2016-01-31, M,20.6,5300277,47.47
Kerala,2016-02-29, M,23.68,5462975,50.86
Kerala,2016-03-31, M,26.37,5077492,48.95
Kerala,2016-04-30, M,17.39,5514386,47.34
Kerala,2016-05-31, M,13.1,5675443,46.28
Kerala,2016-06-30, M,6.56,5537808,41.95
Kerala,2016-07-31, M,12.7,5161522,41.81
Kerala,2016-08-31, M,18.33,5779460,50
Kerala,2016-09-30, M,5.52,5593516,41.79
Kerala,2016-10-31, M,1.21,5741752,40.99
Kerala,2016-11-30, M,17.4,4842570,41.31
Kerala,2016-12-31, M,20.92,5677441,50.54
Kerala,2017-01-31, M,12.27,5589822,44.81
Kerala,2017-02-28, M,7.67,5489803,41.78
Kerala,2017-03-31, M,11.64,5006907,39.78
Kerala,2017-04-30, M,4.05,5612425,41.03
Kerala,2017-05-31, M,10.23,5074510,39.61
Kerala,2017-06-30, M,4.76,5265340,38.71
Kerala,2017-07-31, M,8.52,4912673,37.57
Kerala,2017-08-31, M,4.41,5648257,41.3
Kerala,2017-09-30, M,5.54,5029347,37.17
Kerala,2017-10-31, M,11.6,5465402,43.13
Kerala,2017-11-30, M,11.52,5253238,41.38
Kerala,2017-12-31, M,13.42,5048010,40.6
Kerala,2018-01-31, M,6.56,5041669,37.54
Kerala,2018-02-28, M,7.42,5522167,41.46
Kerala,2018-03-31, M,11.21,5069678,39.65
Kerala,2018-04-30, M,5.91,5061784,37.32
Kerala,2018-05-31, M,4.97,5195194,37.89
Kerala,2018-06-30, M,8.99,5543620,42.18
Kerala,2018-07-31, M,8.38,5003177,37.78
Kerala,2018-09-30, M,3.68,5269194,37.78
Kerala,2018-10-31, M,8.28,5380921,40.48
Kerala,2018-11-30, M,6.8,5050544,37.35
Kerala,2018-12-31, M,9.31,4921237,37.37
Kerala,2019-01-31, M,6.84,5222669,38.57
Kerala,2019-02-28, M,8.63,5449506,41
Kerala,2019-03-31, M,6.47,4834731,35.5
Kerala,2019-04-30, M,9.97,5119786,39.02
Kerala,2019-05-31, M,6.63,5184353,38.07
Kerala,2019-06-30, M,9,5605625,42.19
Kerala,2019-07-31, M,4.95,4855392,34.96
Kerala,2019-08-31, M,10.32,5233449,39.9
Kerala,2019-09-30, M,5.35,5400501,38.97
Kerala,2019-10-31, M,9.14,5328825,40.02
Kerala,2019-11-30, M,5,4557907,32.71
Kerala,2019-12-31, M,10.77,5065808,38.67
Kerala,2020-01-31, M,4.11,5307026,37.66
Kerala,2020-02-29, M,8.91,5203579,38.84
Kerala,2020-03-31, M,8.85,4141953,30.87
Kerala,2020-04-30, M,10.71,1754170,13.33
Kerala,2020-05-31, M,15,4590028,36.61
Kerala,2020-06-30, M,10.31,4945465,37.35
Kerala,2020-07-31, M,9.38,5178313,38.67
Kerala,2020-08-31, M,14.89,4849146,38.52
Kerala,2020-09-30, M,6.61,5089965,36.82
Kerala,2020-10-31, M,3.59,4918738,34.43
Kerala,2020-11-30, M,6.85,4676120,33.85
Kerala,2020-12-31, M,6.39,4988245,35.9
Kerala,2021-01-31, M,5.4,5128313,36.48
Kerala,2021-02-28, M,4.43,4966612,34.95
Kerala,2021-03-31, M,6.63,4889337,35.18
Kerala,2021-04-30, M,8.5,5080147,37.27
Kerala,2021-05-31, M,21.82,4110493,35.26
Kerala,2021-06-30, M,12.98,3920661,30.18
Kerala,2021-07-31, M,8.4,4585176,33.5
Kerala,2021-08-31, M,8.33,4996330,36.45
Madhya Pradesh,2016-01-31, M,2.8,18423858,49.24
Madhya Pradesh,2016-02-29, M,4.33,15217606,41.24
Madhya Pradesh,2016-03-31, M,2.91,14149192,37.7
Madhya Pradesh,2016-04-30, M,7.98,15794944,44.31
Madhya Pradesh,2016-05-31, M,5.26,18212768,49.52
Madhya Pradesh,2016-06-30, M,2.63,15859289,41.86
Madhya Pradesh,2016-07-31, M,10.64,13779381,39.55
Madhya Pradesh,2016-08-31, M,8.34,15138404,42.27
Madhya Pradesh,2016-09-30, M,7.11,16795529,46.17
Madhya Pradesh,2016-10-31, M,5.78,16819538,45.49
Madhya Pradesh,2016-11-30, M,6.17,14078543,38.15
Madhya Pradesh,2016-12-31, M,1.37,14801361,38.07
Madhya Pradesh,2017-01-31, M,2.35,16322654,42.31
Madhya Pradesh,2017-02-28, M,4.09,16490043,43.44
Madhya Pradesh,2017-03-31, M,2.44,16427527,42.45
Madhya Pradesh,2017-04-30, M,1.65,14367717,36.75
Madhya Pradesh,2017-05-31, M,1.44,16411533,41.8
Madhya Pradesh,2017-06-30, M,1.72,17532197,44.68
Madhya Pradesh,2017-07-31, M,0.86,16826553,42.42
Madhya Pradesh,2017-08-31, M,0.63,15348329,38.52
Madhya Pradesh,2017-09-30, M,0.82,16286314,40.86
Madhya Pradesh,2017-10-31, M,0.18,15574666,38.74
Madhya Pradesh,2017-11-30, M,3.41,15958810,40.94
Madhya Pradesh,2017-12-31, M,1.5,16740051,42.02
Madhya Pradesh,2018-01-31, M,2,15316143,38.55
Madhya Pradesh,2018-02-28, M,2.03,15927347,40.03
Madhya Pradesh,2018-03-31, M,4.27,16238450,41.67
Madhya Pradesh,2018-04-30, M,2.76,16261153,40.99
Madhya Pradesh,2018-05-31, M,1.58,15357946,38.17
Madhya Pradesh,2018-06-30, M,2,15520250,38.66
Madhya Pradesh,2018-07-31, M,3.62,15474298,39.1
Madhya Pradesh,2018-08-31, M,6.41,16271156,42.25
Madhya Pradesh,2018-09-30, M,3.66,15114646,38.04
Madhya Pradesh,2018-10-31, M,7.31,15128954,39.49
Madhya Pradesh,2018-11-30, M,5.97,15004515,38.53
Madhya Pradesh,2018-12-31, M,6.98,15588737,40.38
Madhya Pradesh,2019-01-31, M,4.67,15262970,38.49
Madhya Pradesh,2019-02-28, M,6.33,16047857,41.1
Madhya Pradesh,2019-03-31, M,4.06,15705488,39.19
Madhya Pradesh,2019-04-30, M,6.3,15708503,40.05
Madhya Pradesh,2019-05-31, M,3.63,15349833,37.97
Madhya Pradesh,2019-06-30, M,4.25,16294789,40.48
Madhya Pradesh,2019-07-31, M,3.92,16274702,40.2
Madhya Pradesh,2019-08-31, M,4.94,16559144,41.25
Madhya Pradesh,2019-09-30, M,3.32,16205452,39.61
Madhya Pradesh,2019-10-31, M,2.98,17060636,41.46
Madhya Pradesh,2019-11-30, M,2.72,16306425,39.44
Madhya Pradesh,2019-12-31, M,2.94,16854646,40.77
Madhya Pradesh,2020-01-31, M,3.66,16183702,39.35
Madhya Pradesh,2020-02-29, M,4.42,16178044,39.57
Madhya Pradesh,2020-03-31, M,1.19,16480441,38.9
Madhya Pradesh,2020-04-30, M,12.5,14238959,37.88
Madhya Pradesh,2020-05-31, M,22.41,13113588,39.25
Madhya Pradesh,2020-06-30, M,5.09,16745326,40.89
Madhya Pradesh,2020-07-31, M,3.12,17564717,41.92
Madhya Pradesh,2020-08-31, M,4.19,16678710,40.17
Madhya Pradesh,2020-09-30, M,1.97,16614381,39.02
Madhya Pradesh,2020-10-31, M,2.36,16604835,39.07
Madhya Pradesh,2020-11-30, M,3.43,17833203,42.33
Madhya Pradesh,2020-12-31, M,4.7,17361870,41.67
Madhya Pradesh,2021-01-31, M,5.53,16425899,39.69
Madhya Pradesh,2021-02-28, M,1.45,16110846,37.24
Madhya Pradesh,2021-03-31, M,0.98,17514181,40.2
Madhya Pradesh,2021-04-30, M,1.09,16536975,37.92
Madhya Pradesh,2021-05-31, M,4.75,15844700,37.65
Madhya Pradesh,2021-06-30, M,1.4,16156443,37.01
Madhya Pradesh,2021-07-31, M,1.47,17718555,40.52
Madhya Pradesh,2021-08-31, M,3.42,17144098,39.91
Maharashtra,2016-01-31, M,4.41,23349301,49.81
Maharashtra,2016-02-29, M,2.27,24009199,50.02
Maharashtra,2016-03-31, M,4.23,24256813,51.47
Maharashtra,2016-04-30, M,8.48,24355586,53.98
Maharashtra,2016-05-31, M,6.75,25381354,55.12
Maharashtra,2016-06-30, M,6.23,25770672,55.56
Maharashtra,2016-07-31, M,6.72,26924026,58.24
Maharashtra,2016-08-31, M,6.16,24478824,52.54
Maharashtra,2016-09-30, M,3.69,26376296,55.06
Maharashtra,2016-10-31, M,2.62,26704911,55.04
Maharashtra,2016-11-30, M,5.44,25674138,54.39
Maharashtra,2016-12-31, M,4.61,24664651,51.71
Maharashtra,2017-01-31, M,2.84,25807027,53.02
Maharashtra,2017-02-28, M,2.59,25901602,52.99
Maharashtra,2017-03-31, M,9.27,25629032,56.19
Maharashtra,2017-04-30, M,4.25,25216698,52.3
Maharashtra,2017-05-31, M,4.55,25999202,53.99
Maharashtra,2017-06-30, M,4.49,25777081,53.4
Maharashtra,2017-07-31, M,3.27,27783238,56.73
Maharashtra,2017-08-31, M,3.22,26053589,53.07
Maharashtra,2017-09-30, M,4.01,26670872,54.68
Maharashtra,2017-10-31, M,3.61,26688647,54.39
Maharashtra,2017-11-30, M,2.87,27085396,54.68
Maharashtra,2017-12-31, M,2.3,26885202,53.87
Maharashtra,2018-01-31, M,3.08,26961311,54.35
Maharashtra,2018-02-28, M,3.5,26765446,54.11
Maharashtra,2018-03-31, M,2.47,26388024,52.69
Maharashtra,2018-04-30, M,4.23,26866134,54.53
Maharashtra,2018-05-31, M,3.4,25543215,51.3
Maharashtra,2018-06-30, M,4.18,25435207,51.41
Maharashtra,2018-07-31, M,3.23,24861163,49.67
Maharashtra,2018-08-31, M,3.32,24561056,49.02
Maharashtra,2018-09-30, M,3.28,26250561,52.28
Maharashtra,2018-10-31, M,3.49,25376699,50.56
Maharashtra,2018-11-30, M,3.62,25793662,51.37
Maharashtra,2018-12-31, M,1.94,25492138,49.81
Maharashtra,2019-01-31, M,3.96,26357273,52.49
Maharashtra,2019-02-28, M,3.01,25615962,50.43
Maharashtra,2019-03-31, M,2.28,25988958,50.69
Maharashtra,2019-04-30, M,3.08,25247404,49.56
Maharashtra,2019-05-31, M,3.67,23896869,47.11
Maharashtra,2019-06-30, M,4.34,23056509,45.69
Maharashtra,2019-07-31, M,3.66,24843734,48.8
Maharashtra,2019-08-31, M,3.76,26835377,52.67
Maharashtra,2019-09-30, M,4.32,24526973,48.34
Maharashtra,2019-10-31, M,3.81,24330242,47.61
Maharashtra,2019-11-30, M,3.68,24881375,48.53
Maharashtra,2019-12-31, M,3.03,26357639,50.98
Maharashtra,2020-01-31, M,3.8,25881398,50.36
Maharashtra,2020-02-29, M,4.24,25293535,49.36
Maharashtra,2020-03-31, M,5.38,23130976,45.6
Maharashtra,2020-04-30, M,25.28,15014802,37.42
Maharashtra,2020-05-31, M,15.69,18527244,40.85
Maharashtra,2020-06-30, M,9.1,23798442,48.58
Maharashtra,2020-07-31, M,3.16,24668199,47.18
Maharashtra,2020-08-31, M,4.91,24114467,46.88
Maharashtra,2020-09-30, M,3.15,25324035,48.25
Maharashtra,2020-10-31, M,3.06,26049047,49.5
Maharashtra,2020-11-30, M,2.59,24566063,46.38
Maharashtra,2020-12-31, M,3.27,25341826,48.09
Maharashtra,2021-01-31, M,3.23,25267672,47.84
Maharashtra,2021-02-28, M,3.17,26170980,49.44
Maharashtra,2021-03-31, M,2.78,27136050,50.97
Maharashtra,2021-04-30, M,5.53,23334618,45.02
Maharashtra,2021-05-31, M,4.43,24326967,46.31
Maharashtra,2021-06-30, M,3.22,25826420,48.46
Maharashtra,2021-07-31, M,3.19,26809344,50.2
Maharashtra,2021-08-31, M,3.38,27973080,52.39
Meghalaya,2018-01-31, M,8.54,924560,60.17
Meghalaya,2018-02-28, M,7.06,931330,59.51
Meghalaya,2018-03-31, M,5.56,819920,51.43
Meghalaya,2018-04-30, M,2.18,962046,58.12
Meghalaya,2018-05-31, M,8.31,934494,60.08
Meghalaya,2018-06-30, M,6.09,892934,55.91
Meghalaya,2018-07-31, M,2.96,919697,55.59
Meghalaya,2018-08-31, M,3.62,1019319,61.88
Meghalaya,2018-09-30, M,3.33,1042980,62.98
Meghalaya,2018-10-31, M,4.22,981834,59.69
Meghalaya,2018-11-30, M,2.63,1042413,62.18
Meghalaya,2018-12-31, M,2.47,1058629,62.89
Meghalaya,2019-01-31, M,1.68,1123774,66.05
Meghalaya,2019-02-28, M,6.25,1005006,61.81
Meghalaya,2019-03-31, M,0.52,1157078,66.9
Meghalaya,2019-04-30, M,1.61,1018984,59.42
Meghalaya,2019-05-31, M,3.16,1119011,66.13
Meghalaya,2019-06-30, M,4.23,1024797,61.09
Meghalaya,2019-07-31, M,1.03,1158510,66.67
Meghalaya,2019-08-31, M,0.52,1065725,60.86
Meghalaya,2019-09-30, M,0.24,1162159,66.02
Meghalaya,2019-10-31, M,3.7,1080609,63.44
Meghalaya,2019-11-30, M,1.5,1205703,69.03
Meghalaya,2019-12-31, M,1.8,1102998,63.18
Meghalaya,2020-01-31, M,0.97,1229406,69.66
Meghalaya,2020-02-29, M,2.76,1112864,64.06
Meghalaya,2020-03-31, M,1.28,1192616,67.46
Meghalaya,2020-04-30, M,8.38,803118,48.83
Meghalaya,2020-05-31, M,3.73,992148,57.26
Meghalaya,2020-06-30, M,1.35,1150200,64.63
Meghalaya,2020-07-31, M,1.59,1186601,66.67
Meghalaya,2020-08-31, M,3.42,1106727,63.2
Meghalaya,2020-09-30, M,3.36,1229521,70
Meghalaya,2020-10-31, M,4.2,1161068,66.51
Meghalaya,2020-11-30, M,0,1173252,64.23
Meghalaya,2020-12-31, M,5.33,1092520,63.03
Meghalaya,2021-01-31, M,2.56,1153015,64.46
Meghalaya,2021-02-28, M,3.9,1101692,62.31
Meghalaya,2021-03-31, M,0.69,1232540,67.29
Meghalaya,2021-04-30, M,1.32,1124420,61.63
Meghalaya,2021-05-31, M,5.98,1067531,61.26
Meghalaya,2021-06-30, M,2.78,1266903,70.13
Meghalaya,2021-07-31, M,0,1298307,69.7
Meghalaya,2021-08-31, M,0,1184245,63.41
Odisha,2016-01-31, M,6.07,12707301,50.1
Odisha,2016-02-29, M,9.08,11590176,47.14
Odisha,2016-03-31, M,12.17,12813099,53.86
Odisha,2016-04-30, M,7.12,11391327,45.21
Odisha,2016-05-31, M,6.79,12400315,48.96
Odisha,2016-06-30, M,9.57,11680161,47.46
Odisha,2016-07-31, M,8.72,12259361,49.27
Odisha,2016-08-31, M,10.87,11407526,46.88
Odisha,2016-09-30, M,4.73,11912913,45.73
Odisha,2016-10-31, M,2.79,11488244,43.15
Odisha,2016-11-30, M,4.95,12500208,47.94
Odisha,2016-12-31, M,6.95,11594937,45.35
Odisha,2017-01-31, M,4.71,11383914,43.41
Odisha,2017-02-28, M,2.7,11361991,42.37
Odisha,2017-03-31, M,1.51,12127526,44.61
Odisha,2017-04-30, M,2.36,11130131,41.23
Odisha,2017-05-31, M,7.5,10886250,42.5
Odisha,2017-06-30, M,2.76,12050444,44.68
Odisha,2017-07-31, M,3.35,11969622,44.58
Odisha,2017-08-31, M,2.81,11519705,42.59
Odisha,2017-09-30, M,4.47,11537023,43.33
Odisha,2017-10-31, M,10.02,11812610,47.03
Odisha,2017-11-30, M,1.79,12399082,45.16
Odisha,2017-12-31, M,3.04,11085675,40.83
Odisha,2018-01-31, M,5.72,11471431,43.38
Odisha,2018-02-28, M,7.08,11893474,45.57
Odisha,2018-03-31, M,8.1,11459020,44.32
Odisha,2018-04-30, M,8.56,11136878,43.22
Odisha,2018-05-31, M,8.89,10846870,42.18
Odisha,2018-06-30, M,6.33,11800153,44.56
Odisha,2018-07-31, M,5.69,11737293,43.96
Odisha,2018-08-31, M,6.91,11378245,43.1
Odisha,2018-09-30, M,6,11236920,42.09
Odisha,2018-10-31, M,5.6,10618467,39.54
Odisha,2018-11-30, M,3.8,11613547,42.37
Odisha,2018-12-31, M,5.21,11306160,41.79
Odisha,2019-01-31, M,4.24,11392908,41.62
Odisha,2019-02-28, M,7.25,10834270,40.81
Odisha,2019-03-31, M,2.94,12072450,43.38
Odisha,2019-04-30, M,7.31,11014614,41.38
Odisha,2019-05-31, M,4.17,11155753,40.47
Odisha,2019-06-30, M,4.71,10965157,39.94
Odisha,2019-07-31, M,3.31,12009880,43.05
Odisha,2019-08-31, M,3.68,11727659,42.13
Odisha,2019-09-30, M,4.31,11167721,40.32
Odisha,2019-10-31, M,4.28,11621527,41.88
Odisha,2019-11-30, M,4.72,12192618,44.06
Odisha,2019-12-31, M,4.67,11345071,40.91
Odisha,2020-01-31, M,1.81,11182128,39.09
Odisha,2020-02-29, M,3.31,11842655,41.98
Odisha,2020-03-31, M,15.09,9814156,39.55
Odisha,2020-04-30, M,24.48,5562449,25.16
Odisha,2020-05-31, M,12.08,9635402,37.38
Odisha,2020-06-30, M,4.22,10647586,37.86
Odisha,2020-07-31, M,2.27,11241273,39.11
Odisha,2020-08-31, M,1.48,11783094,40.6
Odisha,2020-09-30, M,2.03,11162313,38.62
Odisha,2020-10-31, M,2.57,11743089,40.79
Odisha,2020-11-30, M,1.9,11664483,40.17
Odisha,2020-12-31, M,0,12180483,41.09
Odisha,2021-01-31, M,2.81,11360784,39.37
Odisha,2021-02-28, M,2.33,11743139,40.43
Odisha,2021-03-31, M,1.57,11590428,39.53
Odisha,2021-04-30, M,2.09,12442733,42.6
Odisha,2021-05-31, M,6.67,10645430,38.17
Odisha,2021-06-30, M,3.23,11222024,38.75
Odisha,2021-07-31, M,1.03,12244563,41.28
Odisha,2021-08-31, M,2.35,11856634,40.44
Puducherry,2016-01-31, M,3.59,177259,52
Puducherry,2016-02-29, M,6.19,178672,53.71
Puducherry,2016-03-31, M,7.77,166074,50.61
Puducherry,2016-04-30, M,3.05,187758,54.27
Puducherry,2016-05-31, M,3.09,171680,49.49
Puducherry,2016-06-30, M,3.68,171119,49.48
Puducherry,2016-07-31, M,6.29,165938,49.16
Puducherry,2016-08-31, M,3.33,190530,54.55
Puducherry,2016-09-30, M,2.22,190426,53.73
Puducherry,2016-10-31, M,2.71,193504,54.7
Puducherry,2016-11-30, M,2.73,171748,48.41
Puducherry,2016-12-31, M,2.38,204375,57.22
Puducherry,2017-01-31, M,0.64,184111,50.48
Puducherry,2017-02-28, M,1,193273,53.03
Puducherry,2017-03-31, M,2.22,166357,46.08
Puducherry,2017-04-30, M,6.58,188517,54.48
Puducherry,2017-05-31, M,1.33,184539,50.34
Puducherry,2017-06-30, M,0.58,183143,49.43
Puducherry,2017-07-31, M,3.76,158472,44.04
Puducherry,2017-08-31, M,5.92,180721,51.21
Puducherry,2017-09-30, M,4.52,167215,46.55
Puducherry,2017-10-31, M,1.67,190327,51.28
Puducherry,2017-11-30, M,3.08,151435,41.27
Puducherry,2017-12-31, M,4.55,184865,50.99
Puducherry,2018-01-31, M,2.35,173751,46.7
Puducherry,2018-02-28, M,0,192899,50.49
Puducherry,2018-03-31, M,1.98,153012,40.73
Puducherry,2018-04-30, M,1.68,193066,51.07
Puducherry,2018-05-31, M,2.07,182566,48.33
Puducherry,2018-06-30, M,0,193444,50
Puducherry,2018-07-31, M,1.63,145394,38.08
Puducherry,2018-08-31, M,0,185940,47.76
Puducherry,2018-09-30, M,3.29,168359,44.57
Puducherry,2018-10-31, M,0.56,184553,47.37
Puducherry,2018-11-30, M,0,136936,34.84
Puducherry,2018-12-31, M,0,192099,48.73
Puducherry,2019-01-31, M,0.59,178714,45.45
Puducherry,2019-02-28, M,0,186524,47.03
Puducherry,2019-03-31, M,0.9,137636,34.91
Puducherry,2019-04-30, M,0,188857,47.32
Puducherry,2019-05-31, M,0,172474,43.08
Puducherry,2019-06-30, M,0,184527,45.95
Puducherry,2019-07-31, M,0,139227,34.56
Puducherry,2019-08-31, M,4.85,183930,47.83
Puducherry,2019-09-30, M,0,175718,43.34
Puducherry,2019-10-31, M,1.18,180283,44.85
Puducherry,2019-11-30, M,0,142787,35
Puducherry,2019-12-31, M,1.99,180808,45.07
Puducherry,2020-01-31, M,0.58,176252,43.18
Puducherry,2020-02-29, M,1.74,183619,45.38
Puducherry,2020-03-31, M,2.31,142176,35.23
Puducherry,2020-04-30, M,74.51,49420,46.79
Puducherry,2020-08-31, M,3.28,162881,40.13
Puducherry,2020-09-30, M,9.49,174562,45.82
Puducherry,2020-10-31, M,7.84,153847,39.53
Puducherry,2020-11-30, M,2.48,138449,33.52
Puducherry,2020-12-31, M,0,154397,36.34
Puducherry,2021-01-31, M,8.75,157955,40.61
Puducherry,2021-02-28, M,7.86,145889,37.04
Puducherry,2021-03-31, M,1.64,142554,33.8
Puducherry,2021-04-30, M,1.71,157047,37.14
Puducherry,2021-05-31, M,12.62,154737,41.04
Puducherry,2021-06-30, M,54.35,67838,34.33
Puducherry,2021-07-31, M,14.29,135630,36.44
Puducherry,2021-08-31, M,11.81,162638,42.33
Punjab,2016-01-31, M,6.76,6257149,47.77
Punjab,2016-02-29, M,14.51,5773692,48
Punjab,2016-03-31, M,8.35,6082818,47.1
Punjab,2016-04-30, M,7.32,5965498,45.61
Punjab,2016-05-31, M,2.51,6625693,48.08
Punjab,2016-06-30, M,11.31,6117606,48.72
Punjab,2016-07-31, M,5.33,6488786,48.33
Punjab,2016-08-31, M,4.23,6092044,44.79
Punjab,2016-09-30, M,4.24,6483605,47.59
Punjab,2016-10-31, M,13.35,5949833,48.19
Punjab,2016-11-30, M,4.1,6434328,47.02
Punjab,2016-12-31, M,4.73,5614916,41.23
Punjab,2017-01-31, M,4.92,6359578,46.72
Punjab,2017-02-28, M,10.46,5970886,46.51
Punjab,2017-03-31, M,2.43,6449637,46.03
Punjab,2017-04-30, M,0.93,6166319,43.28
Punjab,2017-05-31, M,3.54,6301845,45.35
Punjab,2017-06-30, M,10.44,5958598,46.11
Punjab,2017-07-31, M,4.43,6470095,46.84
Punjab,2017-08-31, M,1.38,6397791,44.81
Punjab,2017-09-30, M,3.81,6126786,43.93
Punjab,2017-10-31, M,9.44,5827014,44.31
Punjab,2017-11-30, M,9.69,6097637,46.42
Punjab,2017-12-31, M,7.44,6083373,45.11
Punjab,2018-01-31, M,3.83,6182947,44.06
Punjab,2018-02-28, M,10.73,5848093,44.83
Punjab,2018-03-31, M,9.25,6058225,45.61
Punjab,2018-04-30, M,7.9,6061412,44.9
Punjab,2018-05-31, M,5.1,6225561,44.68
Punjab,2018-06-30, M,8.46,5928394,44.04
Punjab,2018-07-31, M,8.38,6253101,46.34
Punjab,2018-08-31, M,4.3,6138698,43.48
Punjab,2018-09-30, M,8.18,6274125,46.25
Punjab,2018-10-31, M,12.5,5972439,46.12
Punjab,2018-11-30, M,8.05,6218175,45.62
Punjab,2018-12-31, M,3.67,6112368,42.74
Punjab,2019-01-31, M,9.21,6270684,46.45
Punjab,2019-02-28, M,12.99,5941942,45.85
Punjab,2019-03-31, M,9.68,6167869,45.78
Punjab,2019-04-30, M,6.16,6089734,43.44
Punjab,2019-05-31, M,9.17,6088548,44.79
Punjab,2019-06-30, M,12.21,6025235,45.79
Punjab,2019-07-31, M,9.64,6308129,46.5
Punjab,2019-08-31, M,6.69,6183428,44.08
Punjab,2019-09-30, M,8.85,6254260,45.56
Punjab,2019-10-31, M,12.56,6021921,45.66
Punjab,2019-11-30, M,7.07,6395022,45.55
Punjab,2019-12-31, M,6.13,6164219,43.4
Punjab,2020-01-31, M,9.69,6189471,45.22
Punjab,2020-02-29, M,10.41,6009820,44.19
Punjab,2020-03-31, M,10.51,6373692,46.85
Punjab,2020-04-30, M,3.69,4721590,32.2
Punjab,2020-05-31, M,34,4159402,41.32
Punjab,2020-06-30, M,20,5364047,43.9
Punjab,2020-07-31, M,9.11,6190307,44.52
Punjab,2020-08-31, M,9.78,5902580,42.69
Punjab,2020-09-30, M,11.89,5988263,44.28
Punjab,2020-10-31, M,10.95,5846217,42.7
Punjab,2020-11-30, M,7.62,6141206,43.17
Punjab,2020-12-31, M,1.82,5965598,39.4
Punjab,2021-01-31, M,10.16,5976946,43.07
Punjab,2021-02-28, M,8.36,5919742,41.76
Punjab,2021-03-31, M,6.98,6136356,42.57
Punjab,2021-04-30, M,2.82,6080502,40.32
Punjab,2021-05-31, M,9.37,5947791,42.22
Punjab,2021-06-30, M,9.69,5910017,42.04
Punjab,2021-07-31, M,6.55,6210240,42.62
Punjab,2021-08-31, M,3.33,6206233,41.11
Rajasthan,2016-01-31, M,5.23,14209938,39.92
Rajasthan,2016-02-29, M,3.6,14678178,40.45
Rajasthan,2016-03-31, M,8.03,13199688,38.03
Rajasthan,2016-04-30, M,11.31,13351063,39.81
Rajasthan,2016-05-31, M,7.57,13492549,38.51
Rajasthan,2016-06-30, M,7.5,14600380,41.54
Rajasthan,2016-07-31, M,7.48,12236929,34.73
Rajasthan,2016-08-31, M,5.91,14174744,39.47
Rajasthan,2016-09-30, M,3.83,14584093,39.64
Rajasthan,2016-10-31, M,4.65,14784248,40.43
Rajasthan,2016-11-30, M,5.27,12435186,34.15
Rajasthan,2016-12-31, M,8.76,13719846,39.03
Rajasthan,2017-01-31, M,5.1,13825735,37.73
Rajasthan,2017-02-28, M,4.17,15298148,41.25
Rajasthan,2017-03-31, M,2.41,15399084,40.68
Rajasthan,2017-04-30, M,5.76,14870442,40.59
Rajasthan,2017-05-31, M,2.55,13849569,36.47
Rajasthan,2017-06-30, M,5.13,15358818,41.45
Rajasthan,2017-07-31, M,0.8,13784519,35.5
Rajasthan,2017-08-31, M,6.82,13949398,38.15
Rajasthan,2017-09-30, M,1.06,15234360,39.15
Rajasthan,2017-10-31, M,3,14006433,36.63
Rajasthan,2017-11-30, M,7.49,15205714,41.6
Rajasthan,2017-12-31, M,3.76,14532296,38.13
Rajasthan,2018-01-31, M,5.23,14537018,38.64
Rajasthan,2018-02-28, M,4.43,13962211,36.72
Rajasthan,2018-03-31, M,13.31,14529426,42.03
Rajasthan,2018-04-30, M,6.68,14036756,37.64
Rajasthan,2018-05-31, M,3.48,14888304,38.51
Rajasthan,2018-06-30, M,9.27,14117414,38.75
Rajasthan,2018-07-31, M,10.17,14382481,39.78
Rajasthan,2018-08-31, M,9.34,14286761,39.07
Rajasthan,2018-09-30, M,6.2,14629445,38.57
Rajasthan,2018-10-31, M,13.22,14295458,40.65
Rajasthan,2018-11-30, M,11.99,14593183,40.82
Rajasthan,2018-12-31, M,14.58,14547388,41.83
Rajasthan,2019-01-31, M,5.82,14813168,38.54
Rajasthan,2019-02-28, M,9.58,15265319,41.28
Rajasthan,2019-03-31, M,8.92,14728164,39.45
Rajasthan,2019-04-30, M,12.1,15028831,41.61
Rajasthan,2019-05-31, M,4.03,15226003,38.52
Rajasthan,2019-06-30, M,13.7,14610567,41.02
Rajasthan,2019-07-31, M,9.7,14859873,39.78
Rajasthan,2019-08-31, M,12.5,15052044,41.48
Rajasthan,2019-09-30, M,5.65,15290705,38.99
Rajasthan,2019-10-31, M,14.66,15178549,42.69
Rajasthan,2019-11-30, M,10.47,15278556,40.87
Rajasthan,2019-12-31, M,13.96,15485313,43
Rajasthan,2020-01-31, M,8,15484353,40.12
Rajasthan,2020-02-29, M,14.48,15040572,41.83
Rajasthan,2020-03-31, M,9.47,15059769,39.47
Rajasthan,2020-04-30, M,12.25,13051219,35.21
Rajasthan,2020-05-31, M,10.45,15586833,41.11
Rajasthan,2020-06-30, M,12.97,15381854,41.65
Rajasthan,2020-07-31, M,14.4,14724453,40.44
Rajasthan,2020-08-31, M,14.68,15036627,41.34
Rajasthan,2020-09-30, M,11.56,15014467,39.73
Rajasthan,2020-10-31, M,23.93,14746937,45.26
Rajasthan,2020-11-30, M,16.86,15029219,42.11
Rajasthan,2020-12-31, M,27.74,14847311,47.75
Rajasthan,2021-01-31, M,14.03,15982179,43.1
Rajasthan,2021-02-28, M,25.61,14972793,46.57
Rajasthan,2021-03-31, M,17.63,15221859,42.66
Rajasthan,2021-04-30, M,27.33,14911908,47.25
Rajasthan,2021-05-31, M,22.04,14586302,42.98
Rajasthan,2021-06-30, M,25.97,15168206,46.97
Rajasthan,2021-07-31, M,18.55,15475193,43.45
Rajasthan,2021-08-31, M,25,15337775,46.66
Sikkim,2019-10-31, M,5.48,146688,44.06
Sikkim,2019-11-30, M,13.11,162426,53.04
Sikkim,2019-12-31, M,1,161647,46.3
Sikkim,2020-04-30, M,0,133399,37.72
Sikkim,2020-06-30, M,5.81,141313,42.36
Sikkim,2020-08-31, M,12.68,160503,51.82
Sikkim,2020-10-31, M,1.37,154044,43.98
Sikkim,2021-06-30, M,0,169640,47.5
Tamil Nadu,2016-01-31, M,8.17,17782398,63.34
Tamil Nadu,2016-02-29, M,2.6,18168328,60.92
Tamil Nadu,2016-03-31, M,9.11,17700247,63.51
Tamil Nadu,2016-04-30, M,11.58,17653242,65.02
Tamil Nadu,2016-05-31, M,9.81,18507825,66.73
Tamil Nadu,2016-06-30, M,4.08,17158603,58.09
Tamil Nadu,2016-07-31, M,3.27,17805142,59.69
Tamil Nadu,2016-08-31, M,6.17,18626660,64.29
Tamil Nadu,2016-09-30, M,19.3,17836139,71.47
Tamil Nadu,2016-10-31, M,12.03,17155077,62.97
Tamil Nadu,2016-11-30, M,4.5,17644912,59.58
Tamil Nadu,2016-12-31, M,5.47,18144210,61.8
Tamil Nadu,2017-01-31, M,12.84,18099581,66.77
Tamil Nadu,2017-02-28, M,6.8,17377130,59.87
Tamil Nadu,2017-03-31, M,2.52,17849223,58.71
Tamil Nadu,2017-04-30, M,6.21,17777485,60.69
Tamil Nadu,2017-05-31, M,3.59,18229170,60.45
Tamil Nadu,2017-06-30, M,0.7,17385311,55.9
Tamil Nadu,2017-07-31, M,2.83,17402243,57.09
Tamil Nadu,2017-08-31, M,3.21,16681303,54.87
Tamil Nadu,2017-09-30, M,2.89,18198296,59.57
Tamil Nadu,2017-10-31, M,3.68,17015138,56.08
Tamil Nadu,2017-11-30, M,2.3,17373818,56.37
Tamil Nadu,2017-12-31, M,2.12,17203829,55.64
Tamil Nadu,2018-01-31, M,2.2,17782265,57.47
Tamil Nadu,2018-02-28, M,2.24,16418900,53.02
Tamil Nadu,2018-03-31, M,2.56,16873055,54.58
Tamil Nadu,2018-04-30, M,1.39,17222000,54.97
Tamil Nadu,2018-05-31, M,1.82,17536067,56.14
Tamil Nadu,2018-06-30, M,1.34,16384171,52.12
Tamil Nadu,2018-07-31, M,2.2,16728240,53.61
Tamil Nadu,2018-08-31, M,1.17,16376394,51.86
Tamil Nadu,2018-09-30, M,1.8,16274296,51.79
Tamil Nadu,2018-10-31, M,0.64,16108818,50.59
Tamil Nadu,2018-11-30, M,2.59,16850621,53.91
Tamil Nadu,2018-12-31, M,1.29,15440928,48.68
Tamil Nadu,2019-01-31, M,2.67,15510576,49.52
Tamil Nadu,2019-02-28, M,1.68,15640955,49.36
Tamil Nadu,2019-03-31, M,1.21,16405972,51.46
Tamil Nadu,2019-04-30, M,0.57,15355003,47.78
Tamil Nadu,2019-05-31, M,0.97,15844690,49.44
Tamil Nadu,2019-06-30, M,0.92,16375303,50.99
Tamil Nadu,2019-07-31, M,6.01,16455940,53.94
Tamil Nadu,2019-08-31, M,2.91,16463934,52.17
Tamil Nadu,2019-09-30, M,1.74,15062612,47.1
Tamil Nadu,2019-10-31, M,1.46,15595650,48.55
Tamil Nadu,2019-11-30, M,2.46,16223432,50.95
Tamil Nadu,2019-12-31, M,3.73,15356936,48.8
Tamil Nadu,2020-01-31, M,1.18,14954646,46.23
Tamil Nadu,2020-02-29, M,1.17,15828488,48.86
Tamil Nadu,2020-03-31, M,6.36,15848590,51.56
Tamil Nadu,2020-04-30, M,53.19,5086200,33.05
Tamil Nadu,2020-05-31, M,39.08,5749335,28.67
Tamil Nadu,2020-06-30, M,1.31,11087685,34.08
Tamil Nadu,2020-07-31, M,4.53,14175868,44.97
Tamil Nadu,2020-08-31, M,1.8,14442862,44.48
Tamil Nadu,2020-09-30, M,6.44,12531831,40.45
Tamil Nadu,2020-10-31, M,1.04,13038797,39.74
Tamil Nadu,2020-11-30, M,1.6,14028335,42.93
Tamil Nadu,2020-12-31, M,0.97,13482287,40.94
Tamil Nadu,2021-01-31, M,3.19,12662498,39.28
Tamil Nadu,2021-02-28, M,2.7,13043798,40.2
Tamil Nadu,2021-03-31, M,2.72,14192854,43.69
Tamil Nadu,2021-04-30, M,1.46,13456380,40.83
Tamil Nadu,2021-05-31, M,29.82,7602435,32.34
Tamil Nadu,2021-06-30, M,3.59,10707331,33.12
Tamil Nadu,2021-07-31, M,4.23,14089239,43.8
Tamil Nadu,2021-08-31, M,5.05,13017311,40.76
Telangana,2016-01-31, M,5.71,12840058,79.13
Telangana,2016-02-29, M,2.38,11597906,68.94
Telangana,2016-03-31, M,3.17,10829463,64.79
Telangana,2016-04-30, M,5.03,11987505,73.01
Telangana,2016-05-31, M,3.83,11461146,68.83
Telangana,2016-06-30, M,7.61,8798470,54.91
Telangana,2016-07-31, M,2.74,9121167,53.99
Telangana,2016-08-31, M,2.76,11910609,70.41
Telangana,2016-09-30, M,1.86,10743204,62.83
Telangana,2016-10-31, M,6.48,10309634,63.17
Telangana,2016-11-30, M,4.38,11040798,66.07
Telangana,2016-12-31, M,2.5,12635254,74.03
Telangana,2017-01-31, M,1.94,9931079,57.76
Telangana,2017-02-28, M,15.8,9234905,62.47
Telangana,2017-03-31, M,4.99,12364421,74
Telangana,2017-04-30, M,2.12,11545305,66.97
Telangana,2017-05-31, M,1.77,9587156,55.33
Telangana,2017-06-30, M,14.7,9216543,61.16
Telangana,2017-07-31, M,4.24,9624337,56.8
Telangana,2017-08-31, M,1.1,11190443,63.84
Telangana,2017-09-30, M,1.86,9158081,52.57
Telangana,2017-10-31, M,4.76,8619970,50.91
Telangana,2017-11-30, M,1.79,11943007,68.29
Telangana,2017-12-31, M,1.19,12162503,69.02
Telangana,2018-01-31, M,4.62,9462240,55.54
Telangana,2018-02-28, M,2.54,9609707,55.12
Telangana,2018-03-31, M,3.6,10569654,61.2
Telangana,2018-04-30, M,0.65,9325887,52.31
Telangana,2018-05-31, M,0.94,9063618,50.91
Telangana,2018-06-30, M,1.32,9545297,53.74
Telangana,2018-07-31, M,0.27,11187838,62.23
Telangana,2018-08-31, M,0.21,10444826,57.96
Telangana,2018-09-30, M,0.62,10833856,60.28
Telangana,2018-10-31, M,1.22,8902682,49.76
Telangana,2018-11-30, M,0.41,11422038,63.22
Telangana,2018-12-31, M,0.21,9676854,53.37
Telangana,2019-01-31, M,3.01,10749055,60.9
Telangana,2019-02-28, M,2.14,9965875,55.88
Telangana,2019-03-31, M,2.33,11244921,63.07
Telangana,2019-04-30, M,1.86,9642129,53.74
Telangana,2019-05-31, M,2.23,11053352,61.74
Telangana,2019-06-30, M,5.92,10728821,62.19
Telangana,2019-07-31, M,2.45,11538688,64.4
Telangana,2019-08-31, M,1.4,10743961,59.23
Telangana,2019-09-30, M,4.13,11415308,64.62
Telangana,2019-10-31, M,7.29,11375348,66.49
Telangana,2019-11-30, M,6.47,11265831,65.17
Telangana,2019-12-31, M,1.35,11068057,60.61
Telangana,2020-01-31, M,5.02,12065915,68.51
Telangana,2020-02-29, M,9.02,11304474,66.92
Telangana,2020-03-31, M,5.63,12028377,68.53
Telangana,2020-04-30, M,4.51,8793799,49.44
Telangana,2020-05-31, M,11.64,10648640,64.6
Telangana,2020-06-30, M,12.03,10514681,63.97
Telangana,2020-07-31, M,6.67,10693699,61.22
Telangana,2020-08-31, M,7.02,13608389,78.08
Telangana,2020-09-30, M,4.11,11469409,63.72
Telangana,2020-10-31, M,2.53,12262259,66.91
Telangana,2020-11-30, M,1.65,11928707,64.41
Telangana,2020-12-31, M,6.37,8556804,48.46
Telangana,2021-01-31, M,4.82,11220791,62.41
Telangana,2021-02-28, M,5.85,11047273,62.03
Telangana,2021-03-31, M,3.86,11180051,61.37
Telangana,2021-04-30, M,4,9247569,50.76
Telangana,2021-05-31, M,8.54,11589550,66.67
Telangana,2021-06-30, M,4.35,10115757,55.56
Telangana,2021-07-31, M,4.03,11149816,60.94
Telangana,2021-08-31, M,2.7,11331936,60.99
Tripura,2017-09-30, M,20,859255,49.65
Tripura,2017-10-31, M,8.57,1066870,53.85
Tripura,2018-01-31, M,33.33,963790,66.38
Tripura,2018-02-28, M,31.63,1021898,68.53
Tripura,2018-03-31, M,15.29,936297,50.6
Tripura,2018-04-30, M,13.26,1004529,52.92
Tripura,2018-05-31, M,22.92,1036401,61.34
Tripura,2018-06-30, M,20,1076286,61.28
Tripura,2018-07-31, M,17.49,951442,52.44
Tripura,2018-08-31, M,23.88,1043379,62.23
Tripura,2018-09-30, M,39.19,967018,72.08
Tripura,2018-10-31, M,33.09,1086837,73.5
Tripura,2018-11-30, M,33.33,1012609,68.62
Tripura,2018-12-31, M,23.11,1066060,62.54
Tripura,2019-01-31, M,33.06,996372,67.03
Tripura,2019-02-28, M,25.7,1137114,68.81
Tripura,2019-03-31, M,22.95,1026566,59.8
Tripura,2019-04-30, M,22.22,1077253,62.07
Tripura,2019-05-31, M,29.25,1019549,64.47
Tripura,2019-06-30, M,26.64,1107013,67.4
Tripura,2019-07-31, M,22.47,1052598,60.54
Tripura,2019-08-31, M,25.49,975501,58.29
Tripura,2019-09-30, M,30.23,1034408,65.9
Tripura,2019-10-31, M,27.54,1113764,68.21
Tripura,2019-11-30, M,25.25,1084633,64.29
Tripura,2019-12-31, M,26.53,1046878,63.02
Tripura,2020-01-31, M,31.91,1057975,68.61
Tripura,2020-02-29, M,26.22,1169347,69.88
Tripura,2020-03-31, M,31.61,1060946,68.28
Tripura,2020-04-30, M,43.64,675083,52.63
Tripura,2020-05-31, M,20.88,891967,49.46
Tripura,2020-06-30, M,18.95,1110234,60
Tripura,2020-07-31, M,15.79,988947,51.35
Tripura,2020-08-31, M,27.44,970103,58.36
Tripura,2020-09-30, M,19.31,948583,51.24
Tripura,2020-10-31, M,12.44,1175851,58.43
Tripura,2020-11-30, M,13.16,1037059,51.88
Tripura,2020-12-31, M,16.42,993262,51.54
Tripura,2021-01-31, M,20.27,976830,53.05
Tripura,2021-02-28, M,11.82,1214206,59.53
Tripura,2021-03-31, M,13.79,1064773,53.31
Tripura,2021-04-30, M,15.13,1032300,52.41
Tripura,2021-05-31, M,21.93,936126,51.58
Tripura,2021-06-30, M,9.47,1224662,58.1
Tripura,2021-07-31, M,13.21,1153540,56.99
Tripura,2021-08-31, M,12.77,1084275,53.21
Uttar Pradesh,2016-01-31, M,13.76,42479419,44.49
Uttar Pradesh,2016-02-29, M,13.33,41941441,43.62
Uttar Pradesh,2016-03-31, M,12.16,43489501,44.53
Uttar Pradesh,2016-04-30, M,13.15,42730696,44.15
Uttar Pradesh,2016-05-31, M,15.3,44347442,46.89
Uttar Pradesh,2016-06-30, M,18.02,42975514,46.84
Uttar Pradesh,2016-07-31, M,11.83,43137820,43.63
Uttar Pradesh,2016-08-31, M,16.9,43095763,46.14
Uttar Pradesh,2016-09-30, M,8.89,46847283,45.65
Uttar Pradesh,2016-10-31, M,8.09,44804448,43.18
Uttar Pradesh,2016-11-30, M,5.13,42225753,39.34
Uttar Pradesh,2016-12-31, M,7.23,42130453,40.05
Uttar Pradesh,2017-01-31, M,2.94,43723080,39.64
Uttar Pradesh,2017-02-28, M,2.16,42679666,38.31
Uttar Pradesh,2017-03-31, M,1.19,41651327,36.94
Uttar Pradesh,2017-04-30, M,5.51,42101198,38.96
Uttar Pradesh,2017-05-31, M,2.15,42996069,38.34
Uttar Pradesh,2017-06-30, M,1.6,44172996,39.08
Uttar Pradesh,2017-07-31, M,1.26,42857326,37.71
Uttar Pradesh,2017-08-31, M,7.13,42875942,40.02
Uttar Pradesh,2017-09-30, M,2.61,43205468,38.37
Uttar Pradesh,2017-10-31, M,2.46,44011138,38.94
Uttar Pradesh,2017-11-30, M,1.46,42504146,37.15
Uttar Pradesh,2017-12-31, M,5.53,41991466,38.2
Uttar Pradesh,2018-01-31, M,3.15,43350408,38.38
Uttar Pradesh,2018-02-28, M,2.81,44031310,38.77
Uttar Pradesh,2018-03-31, M,2.18,43365448,37.85
Uttar Pradesh,2018-04-30, M,5.73,43192494,39.04
Uttar Pradesh,2018-05-31, M,4.74,43486815,38.81
Uttar Pradesh,2018-06-30, M,3.05,44046996,38.54
Uttar Pradesh,2018-07-31, M,2.94,43208316,37.68
Uttar Pradesh,2018-08-31, M,8.76,42706441,39.53
Uttar Pradesh,2018-09-30, M,7.3,43174661,39.25
Uttar Pradesh,2018-10-31, M,5.05,42913894,38.01
Uttar Pradesh,2018-11-30, M,5.37,42743911,37.9
Uttar Pradesh,2018-12-31, M,10.75,42924264,40.27
Uttar Pradesh,2019-01-31, M,8.14,42956774,39.07
Uttar Pradesh,2019-02-28, M,8.72,41959261,38.32
Uttar Pradesh,2019-03-31, M,7.75,43342692,39.08
Uttar Pradesh,2019-04-30, M,10.87,44306803,41.26
Uttar Pradesh,2019-05-31, M,10.26,43287812,39.96
Uttar Pradesh,2019-06-30, M,11.13,42276551,39.32
Uttar Pradesh,2019-07-31, M,9.19,42697003,38.78
Uttar Pradesh,2019-08-31, M,11.47,43298748,40.24
Uttar Pradesh,2019-09-30, M,6.37,44310100,38.86
Uttar Pradesh,2019-10-31, M,10.18,42833280,39.07
Uttar Pradesh,2019-11-30, M,6.94,43261536,38.01
Uttar Pradesh,2019-12-31, M,8.43,44640064,39.77
Uttar Pradesh,2020-01-31, M,6.06,45777509,39.67
Uttar Pradesh,2020-02-29, M,8.12,44257432,39.13
Uttar Pradesh,2020-03-31, M,9.37,43086706,38.53
Uttar Pradesh,2020-04-30, M,19.92,39970677,40.37
Uttar Pradesh,2020-05-31, M,16.86,38547596,37.42
Uttar Pradesh,2020-06-30, M,8.51,41908909,36.89
Uttar Pradesh,2020-07-31, M,4.39,43316726,36.4
Uttar Pradesh,2020-08-31, M,5.69,42985424,36.54
Uttar Pradesh,2020-09-30, M,3.26,42993059,35.55
Uttar Pradesh,2020-10-31, M,3.22,43075281,35.53
Uttar Pradesh,2020-11-30, M,4.71,43482416,36.35
Uttar Pradesh,2020-12-31, M,15.29,42975344,40.32
Uttar Pradesh,2021-01-31, M,4.22,42085759,34.84
Uttar Pradesh,2021-02-28, M,3.65,43524091,35.75
Uttar Pradesh,2021-03-31, M,3.68,42817381,35.11
Uttar Pradesh,2021-04-30, M,5.03,43919364,36.44
Uttar Pradesh,2021-05-31, M,6.04,42772497,35.79
Uttar Pradesh,2021-06-30, M,3.77,42925293,35
Uttar Pradesh,2021-07-31, M,4.9,42092151,34.65
Uttar Pradesh,2021-08-31, M,5.99,43728946,36.33
Uttarakhand,2016-01-31, M,0,3489729,65.86
Uttarakhand,2016-02-29, M,4.76,2460661,48.68
Uttarakhand,2016-03-31, M,1.3,1879939,35.81
Uttarakhand,2016-04-30, M,0,3124021,58.63
Uttarakhand,2016-05-31, M,0,3866562,72.43
Uttarakhand,2016-06-30, M,2.32,2357432,45.12
Uttarakhand,2016-07-31, M,0,2088677,38.98
Uttarakhand,2016-08-31, M,0,2573999,47.94
Uttarakhand,2016-09-30, M,0,2464390,45.81
Uttarakhand,2016-10-31, M,4.82,2206720,43.02
Uttarakhand,2016-11-30, M,0,1799930,33.33
Uttarakhand,2016-12-31, M,0,2462880,45.52
Uttarakhand,2017-01-31, M,0,2900105,53.5
Uttarakhand,2017-02-28, M,3.43,2227459,42.48
Uttarakhand,2017-03-31, M,0,2055971,37.79
Uttarakhand,2017-04-30, M,0,2278360,41.8
Uttarakhand,2017-05-31, M,0,2470733,45.24
Uttarakhand,2017-06-30, M,2.17,2046275,38.23
Uttarakhand,2017-07-31, M,0,2017383,36.8
Uttarakhand,2017-08-31, M,0,2315762,42.16
Uttarakhand,2017-09-30, M,0,2325614,42.26
Uttarakhand,2017-10-31, M,1.46,1985529,36.54
Uttarakhand,2017-11-30, M,3.73,2036233,38.29
Uttarakhand,2017-12-31, M,1.14,1937959,35.41
Uttarakhand,2018-01-31, M,0.56,2062357,37.39
Uttarakhand,2018-02-28, M,1.02,2025083,36.82
Uttarakhand,2018-03-31, M,3,2092959,38.76
Uttarakhand,2018-04-30, M,0.46,1918046,34.55
Uttarakhand,2018-05-31, M,1.02,2142532,38.74
Uttarakhand,2018-06-30, M,1.05,1963765,35.45
Uttarakhand,2018-07-31, M,3.03,2045727,37.61
Uttarakhand,2018-08-31, M,0.46,1930445,34.5
Uttarakhand,2018-09-30, M,1.55,2109007,38.04
Uttarakhand,2018-10-31, M,4.66,1940566,36.07
Uttarakhand,2018-11-30, M,4.58,2030567,37.64
Uttarakhand,2018-12-31, M,4.82,1958292,36.32
Uttarakhand,2019-01-31, M,1.71,2164406,38.8
Uttarakhand,2019-02-28, M,5.29,1958058,36.36
Uttarakhand,2019-03-31, M,5.04,1968509,36.39
Uttarakhand,2019-04-30, M,6.11,1902434,35.5
Uttarakhand,2019-05-31, M,1.63,2108044,37.47
Uttarakhand,2019-06-30, M,4.65,2021553,37.01
Uttarakhand,2019-07-31, M,5.74,2000524,36.97
Uttarakhand,2019-08-31, M,6.11,1911380,35.39
Uttarakhand,2019-09-30, M,3.47,2157845,38.79
Uttarakhand,2019-10-31, M,4.83,2027663,36.9
Uttarakhand,2019-11-30, M,5.56,2007113,36.73
Uttarakhand,2019-12-31, M,4.52,1947566,35.19
Uttarakhand,2020-01-31, M,4.17,1986386,35.69
Uttarakhand,2020-02-29, M,4.85,2057523,37.16
Uttarakhand,2020-04-30, M,3.66,1972074,35.04
Uttarakhand,2020-05-31, M,3.57,1915482,33.94
Uttarakhand,2020-06-30, M,10.71,1675441,32
Uttarakhand,2020-08-31, M,11.54,1907133,36.62
Uttarakhand,2020-10-31, M,10.1,1783067,33.56
Uttarakhand,2020-12-31, M,5.56,1811937,32.34
Uttarakhand,2021-01-31, M,2.59,1786648,30.85
Uttarakhand,2021-02-28, M,4.17,1806312,31.65
Uttarakhand,2021-03-31, M,2.27,1666221,28.57
Uttarakhand,2021-04-30, M,5.95,2031872,36.13
Uttarakhand,2021-05-31, M,3.95,1669166,29.01
Uttarakhand,2021-06-30, M,4.82,1852243,32.42
Uttarakhand,2021-07-31, M,2.13,1686888,28.66
Uttarakhand,2021-08-31, M,6.33,1949057,34.53
West Bengal,2016-01-31, M,8.3,22075472,48.57
West Bengal,2016-02-29, M,4.66,21471002,45.35
West Bengal,2016-03-31, M,8.4,21405797,46.96
West Bengal,2016-04-30, M,7.64,21089931,45.8
West Bengal,2016-05-31, M,5.64,22359938,47.42
West Bengal,2016-06-30, M,5.72,20823298,44.12
West Bengal,2016-07-31, M,8.17,21126808,45.86
West Bengal,2016-08-31, M,6.41,22080987,46.93
West Bengal,2016-09-30, M,7.74,23690379,50.97
West Bengal,2016-10-31, M,4.07,22053746,45.54
West Bengal,2016-11-30, M,7.92,21312030,45.76
West Bengal,2016-12-31, M,5.48,22049104,46.02
West Bengal,2017-01-31, M,5.75,22887232,47.81
West Bengal,2017-02-28, M,4.18,22306933,45.75
West Bengal,2017-03-31, M,6.9,21696106,45.7
West Bengal,2017-04-30, M,4.75,22540227,46.31
West Bengal,2017-05-31, M,4.67,23554388,48.26
West Bengal,2017-06-30, M,4.14,23015128,46.8
West Bengal,2017-07-31, M,6.71,21847440,45.55
West Bengal,2017-08-31, M,4.55,22455769,45.67
West Bengal,2017-09-30, M,6.24,22305161,46.08
West Bengal,2017-10-31, M,5.08,23412291,47.68
West Bengal,2017-11-30, M,5.95,22561441,46.28
West Bengal,2017-12-31, M,4.48,23349724,47.06
West Bengal,2018-01-31, M,7.87,22219046,46.33
West Bengal,2018-02-28, M,8.79,23869814,50.19
West Bengal,2018-03-31, M,8.72,22389479,46.94
West Bengal,2018-04-30, M,5.63,22899228,46.34
West Bengal,2018-05-31, M,7.33,22622121,46.52
West Bengal,2018-06-30, M,7.56,24109126,49.6
West Bengal,2018-07-31, M,6.21,23719522,48
West Bengal,2018-08-31, M,4.8,23036472,45.83
West Bengal,2018-09-30, M,6.37,22959228,46.35
West Bengal,2018-10-31, M,6.27,24343879,48.99
West Bengal,2018-11-30, M,5.73,24083524,48.09
West Bengal,2018-12-31, M,5.38,23436809,46.53
West Bengal,2019-01-31, M,6.7,23418234,47.06
West Bengal,2019-02-28, M,5.99,24664811,49.09
West Bengal,2019-03-31, M,5.54,25033573,49.49
West Bengal,2019-04-30, M,6.51,24167841,48.18
West Bengal,2019-05-31, M,6.02,23452891,46.41
West Bengal,2019-06-30, M,5.85,25543479,50.36
West Bengal,2019-07-31, M,5.62,24857801,48.78
West Bengal,2019-08-31, M,5.58,24924839,48.79
West Bengal,2019-09-30, M,5.81,24623902,48.22
West Bengal,2019-10-31, M,6.78,24353011,48.09
West Bengal,2019-11-30, M,5.83,25630349,50
West Bengal,2019-12-31, M,5.79,24906236,48.47
West Bengal,2020-01-31, M,6.79,24612171,48.3
West Bengal,2020-02-29, M,3.78,26093009,49.51
West Bengal,2020-03-31, M,7.02,25097812,49.18
West Bengal,2020-04-30, M,18.32,17639370,39.27
West Bengal,2020-05-31, M,18.43,19115772,42.53
West Bengal,2020-06-30, M,5.96,21532156,41.47
West Bengal,2020-07-31, M,4.4,25839438,48.85
West Bengal,2020-08-31, M,13.13,23276167,48.32
West Bengal,2020-09-30, M,8,25355088,49.6
West Bengal,2020-10-31, M,10.48,23913470,47.98
West Bengal,2020-11-30, M,12.38,23159145,47.38
West Bengal,2020-12-31, M,5.52,25277052,47.85
West Bengal,2021-01-31, M,4.83,25877979,48.54
West Bengal,2021-02-28, M,6.35,26281435,50
West Bengal,2021-03-31, M,7.68,25044372,48.23
West Bengal,2021-04-30, M,7.49,23876542,45.8
West Bengal,2021-05-31, M,21.81,18987650,43
West Bengal,2021-06-30, M,25.56,19779606,46.95
West Bengal,2021-07-31, M,6.59,24573809,46.39
West Bengal,2021-08-31, M,6.62,24494680,46.16
India,2016-01-31, M,7.92,281897063,49.01
India,2016-02-29, M,7.55,275622533,47.65
India,2016-03-31, M,7.36,271078231,46.68
India,2016-04-30, M,7.79,276797350,47.8
India,2016-05-31, M,8.52,287522023,49.95
India,2016-06-30, M,8.26,273594738,47.3
India,2016-07-31, M,7.22,271567821,46.34
India,2016-08-31, M,8.85,278415037,48.26
India,2016-09-30, M,7.82,288344900,49.34
India,2016-10-31, M,6.29,282437066,47.44
India,2016-11-30, M,5.96,271624996,45.38
India,2016-12-31, M,5.82,277520085,46.21
India,2017-01-31, M,5.11,281110838,46.37
India,2017-02-28, M,4.35,276714541,45.2
India,2017-03-31, M,4.14,275986233,44.9
India,2017-04-30, M,3.72,275638861,44.56
India,2017-05-31, M,3.65,278531408,44.91
India,2017-06-30, M,3.78,278851268,44.94
India,2017-07-31, M,3.01,274118126,43.74
India,2017-08-31, M,3.59,276842713,44.36
India,2017-09-30, M,4.13,278105422,44.73
India,2017-10-31, M,4.52,275515215,44.41
India,2017-11-30, M,4.39,279695645,44.94
India,2017-12-31, M,4.46,278093653,44.62
India,2018-01-31, M,4.43,277440299,44.42
India,2018-02-28, M,5.53,275326775,44.52
India,2018-03-31, M,5.95,274507610,44.5
India,2018-04-30, M,5.29,274398367,44.09
India,2018-05-31, M,4.65,274810539,43.78
India,2018-06-30, M,5.32,272352767,43.61
India,2018-07-31, M,5.42,272440047,43.59
India,2018-08-31, M,6.06,270256510,43.45
India,2018-09-30, M,6.05,275902531,44.27
India,2018-10-31, M,6.69,267186040,43.08
India,2018-11-30, M,6.32,273676206,43.87
India,2018-12-31, M,6.8,269401503,43.32
India,2019-01-31, M,6.05,277734721,44.22
India,2019-02-28, M,6.97,271009007,43.5
India,2019-03-31, M,6.15,275745758,43.79
India,2019-04-30, M,7.25,272402863,43.69
India,2019-05-31, M,6.3,276818225,43.87
India,2019-06-30, M,7.69,271966809,43.66
India,2019-07-31, M,6.9,276253235,43.89
India,2019-08-31, M,7.48,276404335,44.11
India,2019-09-30, M,5.99,279885439,43.87
India,2019-10-31, M,8.02,275372602,44.03
India,2019-11-30, M,6.45,275871903,43.29
India,2019-12-31, M,6.93,277592371,43.7
India,2020-01-31, M,6.06,283513935,44.14
India,2020-02-29, M,7.34,277210355,43.67
India,2020-03-31, M,8.44,270337539,43.02
India,2020-04-30, M,22.89,197005721,37.15
India,2020-05-31, M,21.11,218999630,40.29
India,2020-06-30, M,9.49,260550873,41.7
India,2020-07-31, M,6.51,272243964,42.11
India,2020-08-31, M,7.65,268720798,41.99
India,2020-09-30, M,5.88,276133697,42.26
India,2020-10-31, M,6.95,273145734,42.2
India,2020-11-30, M,6.24,271616741,41.57
India,2020-12-31, M,9.15,266423907,42
India,2021-01-31, M,5.81,277579782,42.13
India,2021-02-28, M,6.85,274511536,42.05
India,2021-03-31, M,6.15,275432124,41.8
India,2021-04-30, M,7.13,268639127,41.12
India,2021-05-31, M,10.55,263231265,41.75
India,2021-06-30, M,8.75,263258125,40.86
India,2021-07-31, M,6.34,276000835,41.65
India,2021-08-31, M,7.64,274200341,41.88
